id;fio;bth;em;pass;dr;phone;disc
1;Ivan1;1951-03-07;nas@tam.net1;gg1;2020-12-09;74953222233;92
2;Ivan2;1985-01-31;nas@tam.net2;gg2;2020-01-29;74953222234;61
3;Ivan3;1971-08-22;nas@tam.net3;gg3;2020-10-23;74953222235;78
4;Ivan4;1974-12-06;nas@tam.net4;gg4;2020-06-18;74953222236;55
5;Ivan5;1976-03-26;nas@tam.net5;gg5;2020-02-17;74953222237;93
6;Ivan6;1978-07-07;nas@tam.net6;gg6;2020-11-10;74953222238;42
7;Ivan7;1966-03-06;nas@tam.net7;gg7;2020-08-02;74953222239;64
8;Ivan8;1982-06-15;nas@tam.net8;gg8;2020-07-22;74953222240;75
9;Ivan9;1957-08-28;nas@tam.net9;gg9;2020-11-27;74953222241;49
10;Ivan10;1955-01-17;nas@tam.net10;gg10;2020-02-21;74953222242;14
11;Ivan11;1951-07-30;nas@tam.net11;gg11;2020-10-26;74953222243;47
12;Ivan12;1985-01-25;nas@tam.net12;gg12;2020-02-11;74953222244;42
13;Ivan13;1986-09-02;nas@tam.net13;gg13;2020-08-18;74953222245;100
14;Ivan14;1976-06-19;nas@tam.net14;gg14;2020-10-15;74953222246;45
15;Ivan15;1952-04-27;nas@tam.net15;gg15;2020-01-10;74953222247;80
16;Ivan16;1984-03-09;nas@tam.net16;gg16;2020-03-26;74953222248;82
17;Ivan17;1969-01-07;nas@tam.net17;gg17;2020-06-19;74953222249;16
18;Ivan18;1971-11-16;nas@tam.net18;gg18;2020-06-07;74953222250;57
19;Ivan19;1976-03-01;nas@tam.net19;gg19;2020-08-08;74953222251;54
20;Ivan20;1992-05-29;nas@tam.net20;gg20;2020-07-19;74953222252;14
21;Ivan21;1964-08-17;nas@tam.net21;gg21;2020-06-28;74953222253;64
22;Ivan22;1981-02-05;nas@tam.net22;gg22;2020-01-21;74953222254;52
23;Ivan23;1954-04-03;nas@tam.net23;gg23;2020-08-30;74953222255;66
24;Ivan24;1972-11-30;nas@tam.net24;gg24;2020-09-05;74953222256;54
25;Ivan25;1953-10-30;nas@tam.net25;gg25;2020-11-29;74953222257;69
26;Ivan26;1978-01-31;nas@tam.net26;gg26;2020-05-20;74953222258;14
27;Ivan27;1986-09-19;nas@tam.net27;gg27;2020-09-13;74953222259;31
28;Ivan28;1993-03-20;nas@tam.net28;gg28;2020-11-25;74953222260;83
29;Ivan29;1973-04-01;nas@tam.net29;gg29;2020-09-30;74953222261;19
30;Ivan30;1990-12-31;nas@tam.net30;gg30;2020-01-26;74953222262;55
31;Ivan31;1962-07-24;nas@tam.net31;gg31;2020-03-05;74953222263;2
32;Ivan32;1993-08-30;nas@tam.net32;gg32;2020-11-23;74953222264;95
33;Ivan33;1982-01-03;nas@tam.net33;gg33;2020-11-18;74953222265;22
34;Ivan34;1970-04-26;nas@tam.net34;gg34;2020-08-24;74953222266;29
35;Ivan35;1969-02-14;nas@tam.net35;gg35;2020-08-30;74953222267;47
36;Ivan36;1968-01-08;nas@tam.net36;gg36;2020-09-06;74953222268;20
37;Ivan37;1982-03-22;nas@tam.net37;gg37;2020-11-29;74953222269;52
38;Ivan38;1994-09-23;nas@tam.net38;gg38;2020-06-28;74953222270;35
39;Ivan39;1958-07-22;nas@tam.net39;gg39;2020-05-01;74953222271;25
40;Ivan40;1963-07-04;nas@tam.net40;gg40;2020-05-04;74953222272;8
41;Ivan41;1977-02-12;nas@tam.net41;gg41;2020-02-02;74953222273;85
42;Ivan42;1982-09-10;nas@tam.net42;gg42;2020-11-12;74953222274;90
43;Ivan43;1956-06-15;nas@tam.net43;gg43;2020-07-22;74953222275;34
44;Ivan44;1971-10-04;nas@tam.net44;gg44;2020-09-21;74953222276;72
45;Ivan45;1957-08-12;nas@tam.net45;gg45;2020-03-24;74953222277;76
46;Ivan46;1988-06-19;nas@tam.net46;gg46;2020-01-13;74953222278;19
47;Ivan47;1981-11-17;nas@tam.net47;gg47;2020-04-29;74953222279;39
48;Ivan48;1998-11-26;nas@tam.net48;gg48;2020-11-07;74953222280;56
49;Ivan49;1971-01-13;nas@tam.net49;gg49;2020-04-03;74953222281;64
50;Ivan50;1966-02-21;nas@tam.net50;gg50;2020-07-31;74953222282;68
51;Ivan51;1960-05-16;nas@tam.net51;gg51;2020-06-16;74953222283;28
52;Ivan52;1983-12-03;nas@tam.net52;gg52;2020-05-25;74953222284;71
53;Ivan53;1978-02-07;nas@tam.net53;gg53;2020-02-03;74953222285;75
54;Ivan54;1986-09-08;nas@tam.net54;gg54;2020-05-24;74953222286;94
55;Ivan55;1958-01-10;nas@tam.net55;gg55;2020-02-07;74953222287;100
56;Ivan56;1957-07-20;nas@tam.net56;gg56;2020-05-12;74953222288;19
57;Ivan57;1981-10-24;nas@tam.net57;gg57;2020-08-29;74953222289;87
58;Ivan58;1981-09-19;nas@tam.net58;gg58;2020-01-20;74953222290;17
59;Ivan59;1952-10-07;nas@tam.net59;gg59;2020-08-11;74953222291;40
60;Ivan60;1954-04-01;nas@tam.net60;gg60;2020-05-13;74953222292;3
61;Ivan61;1996-04-16;nas@tam.net61;gg61;2021-01-01;74953222293;34
62;Ivan62;1971-02-16;nas@tam.net62;gg62;2020-07-29;74953222294;54
63;Ivan63;1969-07-30;nas@tam.net63;gg63;2020-09-09;74953222295;36
64;Ivan64;1964-01-06;nas@tam.net64;gg64;2020-03-19;74953222296;42
65;Ivan65;1974-07-04;nas@tam.net65;gg65;2020-07-23;74953222297;21
66;Ivan66;1980-03-16;nas@tam.net66;gg66;2020-07-06;74953222298;2
67;Ivan67;1951-03-02;nas@tam.net67;gg67;2020-08-21;74953222299;48
68;Ivan68;1995-10-06;nas@tam.net68;gg68;2020-06-26;74953222300;97
69;Ivan69;1994-12-15;nas@tam.net69;gg69;2020-07-17;74953222301;73
70;Ivan70;1989-12-24;nas@tam.net70;gg70;2020-01-02;74953222302;29
71;Ivan71;1992-08-12;nas@tam.net71;gg71;2020-05-17;74953222303;31
72;Ivan72;1956-02-09;nas@tam.net72;gg72;2020-03-20;74953222304;16
73;Ivan73;1973-02-24;nas@tam.net73;gg73;2020-05-08;74953222305;18
74;Ivan74;1951-02-06;nas@tam.net74;gg74;2020-09-09;74953222306;42
75;Ivan75;1990-04-17;nas@tam.net75;gg75;2020-05-02;74953222307;85
76;Ivan76;1984-03-20;nas@tam.net76;gg76;2020-08-23;74953222308;36
77;Ivan77;1988-06-02;nas@tam.net77;gg77;2020-12-30;74953222309;32
78;Ivan78;1976-05-14;nas@tam.net78;gg78;2020-05-13;74953222310;74
79;Ivan79;1984-02-22;nas@tam.net79;gg79;2020-12-30;74953222311;29
80;Ivan80;1973-06-28;nas@tam.net80;gg80;2020-10-02;74953222312;5
81;Ivan81;1957-10-21;nas@tam.net81;gg81;2020-06-08;74953222313;16
82;Ivan82;1999-04-10;nas@tam.net82;gg82;2020-02-19;74953222314;96
83;Ivan83;1973-10-13;nas@tam.net83;gg83;2020-03-25;74953222315;7
84;Ivan84;1979-09-09;nas@tam.net84;gg84;2020-02-17;74953222316;69
85;Ivan85;1950-06-11;nas@tam.net85;gg85;2020-01-26;74953222317;72
86;Ivan86;1957-04-25;nas@tam.net86;gg86;2020-06-23;74953222318;28
87;Ivan87;1957-03-12;nas@tam.net87;gg87;2020-06-04;74953222319;83
88;Ivan88;1975-04-05;nas@tam.net88;gg88;2020-04-08;74953222320;71
89;Ivan89;1968-04-09;nas@tam.net89;gg89;2020-05-14;74953222321;50
90;Ivan90;1972-03-05;nas@tam.net90;gg90;2020-03-17;74953222322;97
91;Ivan91;1974-11-21;nas@tam.net91;gg91;2020-12-13;74953222323;59
92;Ivan92;1976-02-08;nas@tam.net92;gg92;2020-11-09;74953222324;95
93;Ivan93;1957-10-17;nas@tam.net93;gg93;2020-05-19;74953222325;75
94;Ivan94;1999-08-04;nas@tam.net94;gg94;2020-02-05;74953222326;10
95;Ivan95;1977-11-10;nas@tam.net95;gg95;2020-05-10;74953222327;63
96;Ivan96;1957-07-16;nas@tam.net96;gg96;2020-05-08;74953222328;34
97;Ivan97;1995-01-11;nas@tam.net97;gg97;2020-05-10;74953222329;73
98;Ivan98;1984-08-05;nas@tam.net98;gg98;2020-05-17;74953222330;41
99;Ivan99;1980-07-02;nas@tam.net99;gg99;2020-03-02;74953222331;96
100;Ivan100;1990-04-17;nas@tam.net100;gg100;2020-06-29;74953222332;82
101;Ivan101;1955-12-03;nas@tam.net101;gg101;2020-06-24;74953222333;70
102;Ivan102;1951-07-28;nas@tam.net102;gg102;2020-09-06;74953222334;0
103;Ivan103;1980-04-04;nas@tam.net103;gg103;2020-08-07;74953222335;78
104;Ivan104;1957-08-04;nas@tam.net104;gg104;2020-07-28;74953222336;80
105;Ivan105;1954-06-22;nas@tam.net105;gg105;2020-11-30;74953222337;7
106;Ivan106;1981-08-03;nas@tam.net106;gg106;2020-07-20;74953222338;2
107;Ivan107;1999-08-25;nas@tam.net107;gg107;2020-11-17;74953222339;72
108;Ivan108;1977-08-25;nas@tam.net108;gg108;2020-05-23;74953222340;46
109;Ivan109;1971-02-15;nas@tam.net109;gg109;2020-09-22;74953222341;33
110;Ivan110;1992-05-20;nas@tam.net110;gg110;2020-04-16;74953222342;77
111;Ivan111;1983-09-04;nas@tam.net111;gg111;2020-03-27;74953222343;22
112;Ivan112;1983-11-08;nas@tam.net112;gg112;2020-07-24;74953222344;92
113;Ivan113;1997-07-01;nas@tam.net113;gg113;2020-11-05;74953222345;96
114;Ivan114;1960-04-29;nas@tam.net114;gg114;2020-09-26;74953222346;61
115;Ivan115;1991-08-10;nas@tam.net115;gg115;2020-12-22;74953222347;60
116;Ivan116;1979-07-03;nas@tam.net116;gg116;2020-02-27;74953222348;0
117;Ivan117;1980-04-13;nas@tam.net117;gg117;2020-12-15;74953222349;97
118;Ivan118;1951-12-11;nas@tam.net118;gg118;2020-05-28;74953222350;96
119;Ivan119;1965-09-24;nas@tam.net119;gg119;2020-05-10;74953222351;33
120;Ivan120;1963-10-17;nas@tam.net120;gg120;2020-10-19;74953222352;5
121;Ivan121;1993-08-12;nas@tam.net121;gg121;2020-08-21;74953222353;15
122;Ivan122;1958-01-06;nas@tam.net122;gg122;2020-11-09;74953222354;18
123;Ivan123;1967-12-25;nas@tam.net123;gg123;2020-05-30;74953222355;49
124;Ivan124;1970-12-11;nas@tam.net124;gg124;2020-01-16;74953222356;43
125;Ivan125;1976-04-28;nas@tam.net125;gg125;2020-11-02;74953222357;59
126;Ivan126;1955-11-03;nas@tam.net126;gg126;2020-10-07;74953222358;5
127;Ivan127;1978-03-23;nas@tam.net127;gg127;2020-04-05;74953222359;82
128;Ivan128;1989-06-24;nas@tam.net128;gg128;2020-03-13;74953222360;33
129;Ivan129;1950-12-14;nas@tam.net129;gg129;2020-12-28;74953222361;7
130;Ivan130;1999-06-04;nas@tam.net130;gg130;2020-06-10;74953222362;35
131;Ivan131;1955-03-03;nas@tam.net131;gg131;2020-10-21;74953222363;40
132;Ivan132;1991-09-18;nas@tam.net132;gg132;2020-11-18;74953222364;94
133;Ivan133;1971-06-28;nas@tam.net133;gg133;2020-10-22;74953222365;65
134;Ivan134;1975-10-17;nas@tam.net134;gg134;2020-10-02;74953222366;41
135;Ivan135;1955-02-01;nas@tam.net135;gg135;2020-02-12;74953222367;95
136;Ivan136;1980-01-19;nas@tam.net136;gg136;2020-12-24;74953222368;98
137;Ivan137;1995-08-27;nas@tam.net137;gg137;2020-10-15;74953222369;50
138;Ivan138;1989-11-01;nas@tam.net138;gg138;2020-07-06;74953222370;15
139;Ivan139;1979-06-11;nas@tam.net139;gg139;2020-08-08;74953222371;13
140;Ivan140;1969-03-24;nas@tam.net140;gg140;2020-12-26;74953222372;39
141;Ivan141;1999-07-13;nas@tam.net141;gg141;2020-05-28;74953222373;6
142;Ivan142;1994-01-08;nas@tam.net142;gg142;2020-02-17;74953222374;11
143;Ivan143;1976-12-06;nas@tam.net143;gg143;2020-05-17;74953222375;45
144;Ivan144;1997-06-01;nas@tam.net144;gg144;2020-06-27;74953222376;34
145;Ivan145;1953-03-31;nas@tam.net145;gg145;2020-01-20;74953222377;77
146;Ivan146;1986-11-08;nas@tam.net146;gg146;2020-10-22;74953222378;74
147;Ivan147;1975-09-10;nas@tam.net147;gg147;2020-04-23;74953222379;4
148;Ivan148;1978-04-08;nas@tam.net148;gg148;2020-03-05;74953222380;20
149;Ivan149;1962-10-20;nas@tam.net149;gg149;2020-06-13;74953222381;36
150;Ivan150;1983-01-02;nas@tam.net150;gg150;2020-05-02;74953222382;99
151;Ivan151;1967-04-05;nas@tam.net151;gg151;2020-12-21;74953222383;88
152;Ivan152;1971-05-03;nas@tam.net152;gg152;2020-05-26;74953222384;21
153;Ivan153;1978-07-25;nas@tam.net153;gg153;2020-05-10;74953222385;67
154;Ivan154;1990-08-16;nas@tam.net154;gg154;2020-08-06;74953222386;90
155;Ivan155;1995-08-23;nas@tam.net155;gg155;2020-11-05;74953222387;28
156;Ivan156;1998-04-30;nas@tam.net156;gg156;2020-10-04;74953222388;18
157;Ivan157;1980-03-07;nas@tam.net157;gg157;2020-08-19;74953222389;44
158;Ivan158;1982-11-29;nas@tam.net158;gg158;2020-04-21;74953222390;28
159;Ivan159;1986-03-07;nas@tam.net159;gg159;2020-11-03;74953222391;44
160;Ivan160;1973-12-24;nas@tam.net160;gg160;2020-06-16;74953222392;37
161;Ivan161;1950-03-31;nas@tam.net161;gg161;2020-04-03;74953222393;94
162;Ivan162;1961-07-01;nas@tam.net162;gg162;2020-09-21;74953222394;27
163;Ivan163;1998-12-28;nas@tam.net163;gg163;2020-01-14;74953222395;75
164;Ivan164;1990-06-20;nas@tam.net164;gg164;2020-09-11;74953222396;100
165;Ivan165;1950-08-21;nas@tam.net165;gg165;2020-07-30;74953222397;3
166;Ivan166;1954-06-13;nas@tam.net166;gg166;2020-11-01;74953222398;36
167;Ivan167;1976-03-27;nas@tam.net167;gg167;2020-06-26;74953222399;17
168;Ivan168;1956-01-09;nas@tam.net168;gg168;2020-10-06;74953222400;54
169;Ivan169;1997-03-10;nas@tam.net169;gg169;2020-09-09;74953222401;81
170;Ivan170;1962-02-02;nas@tam.net170;gg170;2020-03-09;74953222402;52
171;Ivan171;1986-09-01;nas@tam.net171;gg171;2020-05-23;74953222403;35
172;Ivan172;1993-04-13;nas@tam.net172;gg172;2020-05-23;74953222404;29
173;Ivan173;1987-12-27;nas@tam.net173;gg173;2020-04-24;74953222405;58
174;Ivan174;1994-05-22;nas@tam.net174;gg174;2020-10-03;74953222406;12
175;Ivan175;1956-10-29;nas@tam.net175;gg175;2020-05-20;74953222407;58
176;Ivan176;1973-06-19;nas@tam.net176;gg176;2020-01-03;74953222408;70
177;Ivan177;1992-08-23;nas@tam.net177;gg177;2020-05-31;74953222409;81
178;Ivan178;1985-07-04;nas@tam.net178;gg178;2020-09-22;74953222410;34
179;Ivan179;1995-08-23;nas@tam.net179;gg179;2020-06-15;74953222411;60
180;Ivan180;1954-03-13;nas@tam.net180;gg180;2020-10-06;74953222412;29
181;Ivan181;1956-06-04;nas@tam.net181;gg181;2020-05-25;74953222413;94
182;Ivan182;1958-04-28;nas@tam.net182;gg182;2020-05-27;74953222414;25
183;Ivan183;1981-10-25;nas@tam.net183;gg183;2020-11-26;74953222415;33
184;Ivan184;1989-09-10;nas@tam.net184;gg184;2020-03-29;74953222416;64
185;Ivan185;1964-09-25;nas@tam.net185;gg185;2020-11-11;74953222417;49
186;Ivan186;1997-12-21;nas@tam.net186;gg186;2020-09-22;74953222418;75
187;Ivan187;1951-07-18;nas@tam.net187;gg187;2020-08-11;74953222419;81
188;Ivan188;1984-01-30;nas@tam.net188;gg188;2020-09-24;74953222420;91
189;Ivan189;1969-08-30;nas@tam.net189;gg189;2020-02-27;74953222421;85
190;Ivan190;1999-01-17;nas@tam.net190;gg190;2020-07-28;74953222422;17
191;Ivan191;1952-03-16;nas@tam.net191;gg191;2020-01-31;74953222423;14
192;Ivan192;1962-10-05;nas@tam.net192;gg192;2020-07-17;74953222424;4
193;Ivan193;1985-09-15;nas@tam.net193;gg193;2020-10-31;74953222425;87
194;Ivan194;1958-12-27;nas@tam.net194;gg194;2020-09-12;74953222426;70
195;Ivan195;1969-07-26;nas@tam.net195;gg195;2020-07-31;74953222427;40
196;Ivan196;1954-04-07;nas@tam.net196;gg196;2020-06-25;74953222428;4
197;Ivan197;1962-06-23;nas@tam.net197;gg197;2020-01-05;74953222429;95
198;Ivan198;1968-05-02;nas@tam.net198;gg198;2020-06-20;74953222430;85
199;Ivan199;1992-09-19;nas@tam.net199;gg199;2020-12-17;74953222431;90
200;Ivan200;1963-07-01;nas@tam.net200;gg200;2020-10-13;74953222432;13
201;Ivan201;1996-02-10;nas@tam.net201;gg201;2020-06-15;74953222433;4
202;Ivan202;1964-03-22;nas@tam.net202;gg202;2020-07-10;74953222434;30
203;Ivan203;1966-08-08;nas@tam.net203;gg203;2020-07-07;74953222435;100
204;Ivan204;1952-07-23;nas@tam.net204;gg204;2020-12-28;74953222436;3
205;Ivan205;1960-08-31;nas@tam.net205;gg205;2020-04-17;74953222437;38
206;Ivan206;1961-09-07;nas@tam.net206;gg206;2020-01-29;74953222438;68
207;Ivan207;1978-09-07;nas@tam.net207;gg207;2020-12-26;74953222439;5
208;Ivan208;1960-04-08;nas@tam.net208;gg208;2020-04-18;74953222440;83
209;Ivan209;1956-04-25;nas@tam.net209;gg209;2020-07-12;74953222441;88
210;Ivan210;1977-12-02;nas@tam.net210;gg210;2020-12-01;74953222442;90
211;Ivan211;1980-03-30;nas@tam.net211;gg211;2020-04-11;74953222443;52
212;Ivan212;1966-12-25;nas@tam.net212;gg212;2020-01-19;74953222444;100
213;Ivan213;1993-01-27;nas@tam.net213;gg213;2020-03-17;74953222445;35
214;Ivan214;1960-08-23;nas@tam.net214;gg214;2020-10-22;74953222446;35
215;Ivan215;1950-01-01;nas@tam.net215;gg215;2020-03-19;74953222447;1
216;Ivan216;1982-11-16;nas@tam.net216;gg216;2020-11-08;74953222448;75
217;Ivan217;1974-07-26;nas@tam.net217;gg217;2020-03-17;74953222449;83
218;Ivan218;1973-09-19;nas@tam.net218;gg218;2020-07-07;74953222450;88
219;Ivan219;1959-10-02;nas@tam.net219;gg219;2020-12-30;74953222451;8
220;Ivan220;1977-12-04;nas@tam.net220;gg220;2020-12-29;74953222452;29
221;Ivan221;1971-07-16;nas@tam.net221;gg221;2020-11-16;74953222453;64
222;Ivan222;1992-02-05;nas@tam.net222;gg222;2020-01-03;74953222454;56
223;Ivan223;1955-07-31;nas@tam.net223;gg223;2020-03-19;74953222455;85
224;Ivan224;1956-05-19;nas@tam.net224;gg224;2020-03-04;74953222456;38
225;Ivan225;1954-02-11;nas@tam.net225;gg225;2020-02-26;74953222457;56
226;Ivan226;1971-09-21;nas@tam.net226;gg226;2020-04-25;74953222458;33
227;Ivan227;1966-06-03;nas@tam.net227;gg227;2020-07-27;74953222459;25
228;Ivan228;1996-07-26;nas@tam.net228;gg228;2020-11-05;74953222460;79
229;Ivan229;1956-06-05;nas@tam.net229;gg229;2020-01-12;74953222461;7
230;Ivan230;1995-11-14;nas@tam.net230;gg230;2020-11-13;74953222462;39
231;Ivan231;1981-05-22;nas@tam.net231;gg231;2020-06-18;74953222463;78
232;Ivan232;1978-05-04;nas@tam.net232;gg232;2020-10-02;74953222464;7
233;Ivan233;1986-01-22;nas@tam.net233;gg233;2020-12-22;74953222465;42
234;Ivan234;1985-09-10;nas@tam.net234;gg234;2020-05-13;74953222466;98
235;Ivan235;1965-07-16;nas@tam.net235;gg235;2020-09-24;74953222467;24
236;Ivan236;1987-10-05;nas@tam.net236;gg236;2020-05-03;74953222468;38
237;Ivan237;1988-12-03;nas@tam.net237;gg237;2020-02-20;74953222469;39
238;Ivan238;1964-12-19;nas@tam.net238;gg238;2020-02-19;74953222470;36
239;Ivan239;1953-01-09;nas@tam.net239;gg239;2020-05-09;74953222471;79
240;Ivan240;1952-09-11;nas@tam.net240;gg240;2020-11-09;74953222472;55
241;Ivan241;1999-03-15;nas@tam.net241;gg241;2020-08-14;74953222473;5
242;Ivan242;1955-02-04;nas@tam.net242;gg242;2020-09-25;74953222474;93
243;Ivan243;1966-08-29;nas@tam.net243;gg243;2020-01-11;74953222475;57
244;Ivan244;1958-04-15;nas@tam.net244;gg244;2020-09-25;74953222476;92
245;Ivan245;1988-01-17;nas@tam.net245;gg245;2020-10-28;74953222477;49
246;Ivan246;1975-10-14;nas@tam.net246;gg246;2020-04-15;74953222478;39
247;Ivan247;1980-07-08;nas@tam.net247;gg247;2020-07-08;74953222479;12
248;Ivan248;1967-12-03;nas@tam.net248;gg248;2020-05-02;74953222480;92
249;Ivan249;1984-03-22;nas@tam.net249;gg249;2020-10-09;74953222481;79
250;Ivan250;1959-04-26;nas@tam.net250;gg250;2020-09-09;74953222482;95
251;Ivan251;1964-08-14;nas@tam.net251;gg251;2020-05-04;74953222483;22
252;Ivan252;1970-12-01;nas@tam.net252;gg252;2020-10-01;74953222484;97
253;Ivan253;1985-01-20;nas@tam.net253;gg253;2020-04-28;74953222485;16
254;Ivan254;1968-04-11;nas@tam.net254;gg254;2020-08-01;74953222486;98
255;Ivan255;1995-11-15;nas@tam.net255;gg255;2020-03-28;74953222487;95
256;Ivan256;1994-12-02;nas@tam.net256;gg256;2020-05-13;74953222488;8
257;Ivan257;1950-09-15;nas@tam.net257;gg257;2020-09-07;74953222489;24
258;Ivan258;1954-09-16;nas@tam.net258;gg258;2020-03-12;74953222490;78
259;Ivan259;1996-06-29;nas@tam.net259;gg259;2020-08-22;74953222491;0
260;Ivan260;1997-04-30;nas@tam.net260;gg260;2020-12-04;74953222492;25
261;Ivan261;1995-01-14;nas@tam.net261;gg261;2020-07-12;74953222493;100
262;Ivan262;1996-12-08;nas@tam.net262;gg262;2020-11-21;74953222494;44
263;Ivan263;1968-08-01;nas@tam.net263;gg263;2020-09-20;74953222495;48
264;Ivan264;1993-09-15;nas@tam.net264;gg264;2020-04-05;74953222496;52
265;Ivan265;1991-09-01;nas@tam.net265;gg265;2020-11-22;74953222497;71
266;Ivan266;1993-07-31;nas@tam.net266;gg266;2020-07-26;74953222498;32
267;Ivan267;1994-08-16;nas@tam.net267;gg267;2020-08-02;74953222499;17
268;Ivan268;1997-04-08;nas@tam.net268;gg268;2020-04-09;74953222500;55
269;Ivan269;1965-10-17;nas@tam.net269;gg269;2020-03-29;74953222501;8
270;Ivan270;1970-10-28;nas@tam.net270;gg270;2020-07-11;74953222502;57
271;Ivan271;1971-06-21;nas@tam.net271;gg271;2020-09-28;74953222503;91
272;Ivan272;1996-02-29;nas@tam.net272;gg272;2020-01-25;74953222504;17
273;Ivan273;1956-08-09;nas@tam.net273;gg273;2020-07-17;74953222505;26
274;Ivan274;1988-11-22;nas@tam.net274;gg274;2020-01-12;74953222506;16
275;Ivan275;1971-11-11;nas@tam.net275;gg275;2020-12-18;74953222507;48
276;Ivan276;1958-11-05;nas@tam.net276;gg276;2020-08-26;74953222508;47
277;Ivan277;1969-01-09;nas@tam.net277;gg277;2020-10-10;74953222509;52
278;Ivan278;1993-07-27;nas@tam.net278;gg278;2020-12-28;74953222510;24
279;Ivan279;1977-09-11;nas@tam.net279;gg279;2020-09-05;74953222511;66
280;Ivan280;1976-02-15;nas@tam.net280;gg280;2020-12-22;74953222512;3
281;Ivan281;1978-08-16;nas@tam.net281;gg281;2020-08-13;74953222513;76
282;Ivan282;1983-10-07;nas@tam.net282;gg282;2020-10-23;74953222514;8
283;Ivan283;1960-09-09;nas@tam.net283;gg283;2020-09-25;74953222515;24
284;Ivan284;1997-01-07;nas@tam.net284;gg284;2020-12-19;74953222516;58
285;Ivan285;1976-11-05;nas@tam.net285;gg285;2020-10-06;74953222517;55
286;Ivan286;1999-12-29;nas@tam.net286;gg286;2020-04-25;74953222518;54
287;Ivan287;1958-03-11;nas@tam.net287;gg287;2020-04-16;74953222519;52
288;Ivan288;1989-07-27;nas@tam.net288;gg288;2020-06-09;74953222520;31
289;Ivan289;1989-09-17;nas@tam.net289;gg289;2020-02-22;74953222521;12
290;Ivan290;1976-02-18;nas@tam.net290;gg290;2020-04-13;74953222522;44
291;Ivan291;1955-02-03;nas@tam.net291;gg291;2020-11-19;74953222523;7
292;Ivan292;1976-07-17;nas@tam.net292;gg292;2020-12-10;74953222524;20
293;Ivan293;1972-03-29;nas@tam.net293;gg293;2020-10-08;74953222525;63
294;Ivan294;1978-02-24;nas@tam.net294;gg294;2020-09-21;74953222526;26
295;Ivan295;1952-05-14;nas@tam.net295;gg295;2020-07-28;74953222527;10
296;Ivan296;1995-05-17;nas@tam.net296;gg296;2020-02-26;74953222528;10
297;Ivan297;1991-10-01;nas@tam.net297;gg297;2020-05-30;74953222529;39
298;Ivan298;1976-05-30;nas@tam.net298;gg298;2020-06-19;74953222530;25
299;Ivan299;1968-11-19;nas@tam.net299;gg299;2020-09-07;74953222531;26
300;Ivan300;1974-05-28;nas@tam.net300;gg300;2020-07-31;74953222532;16
301;Ivan301;1954-03-22;nas@tam.net301;gg301;2020-03-03;74953222533;35
302;Ivan302;1986-11-03;nas@tam.net302;gg302;2020-01-05;74953222534;49
303;Ivan303;1998-03-02;nas@tam.net303;gg303;2020-05-21;74953222535;19
304;Ivan304;1970-03-11;nas@tam.net304;gg304;2020-11-03;74953222536;68
305;Ivan305;1993-02-11;nas@tam.net305;gg305;2020-02-19;74953222537;94
306;Ivan306;1994-03-31;nas@tam.net306;gg306;2020-12-13;74953222538;87
307;Ivan307;1983-08-09;nas@tam.net307;gg307;2020-12-29;74953222539;91
308;Ivan308;1998-05-18;nas@tam.net308;gg308;2020-07-06;74953222540;17
309;Ivan309;1999-08-06;nas@tam.net309;gg309;2020-06-11;74953222541;66
310;Ivan310;1973-03-21;nas@tam.net310;gg310;2020-10-28;74953222542;6
311;Ivan311;1999-09-27;nas@tam.net311;gg311;2020-08-14;74953222543;50
312;Ivan312;1956-06-12;nas@tam.net312;gg312;2020-05-07;74953222544;86
313;Ivan313;1980-11-06;nas@tam.net313;gg313;2020-02-29;74953222545;63
314;Ivan314;1963-06-05;nas@tam.net314;gg314;2020-04-09;74953222546;14
315;Ivan315;1960-03-22;nas@tam.net315;gg315;2020-07-25;74953222547;21
316;Ivan316;1976-11-25;nas@tam.net316;gg316;2020-08-30;74953222548;18
317;Ivan317;1988-09-30;nas@tam.net317;gg317;2020-08-17;74953222549;12
318;Ivan318;1975-04-22;nas@tam.net318;gg318;2020-12-25;74953222550;93
319;Ivan319;1968-07-10;nas@tam.net319;gg319;2020-05-20;74953222551;56
320;Ivan320;1960-02-08;nas@tam.net320;gg320;2020-08-18;74953222552;78
321;Ivan321;1984-09-02;nas@tam.net321;gg321;2020-08-03;74953222553;89
322;Ivan322;1961-06-02;nas@tam.net322;gg322;2020-08-20;74953222554;32
323;Ivan323;1958-02-09;nas@tam.net323;gg323;2020-10-01;74953222555;71
324;Ivan324;1991-02-14;nas@tam.net324;gg324;2020-01-10;74953222556;92
325;Ivan325;1956-08-06;nas@tam.net325;gg325;2020-01-11;74953222557;88
326;Ivan326;1964-06-13;nas@tam.net326;gg326;2020-08-05;74953222558;84
327;Ivan327;1994-05-02;nas@tam.net327;gg327;2020-02-14;74953222559;25
328;Ivan328;1951-12-21;nas@tam.net328;gg328;2020-10-31;74953222560;12
329;Ivan329;1981-07-05;nas@tam.net329;gg329;2020-12-28;74953222561;73
330;Ivan330;1973-02-27;nas@tam.net330;gg330;2020-09-17;74953222562;44
331;Ivan331;1956-03-27;nas@tam.net331;gg331;2020-03-29;74953222563;13
332;Ivan332;1954-06-19;nas@tam.net332;gg332;2020-03-16;74953222564;70
333;Ivan333;1975-04-24;nas@tam.net333;gg333;2020-04-07;74953222565;45
334;Ivan334;1984-04-07;nas@tam.net334;gg334;2020-09-18;74953222566;58
335;Ivan335;1967-06-15;nas@tam.net335;gg335;2020-03-15;74953222567;57
336;Ivan336;1965-04-08;nas@tam.net336;gg336;2020-07-17;74953222568;30
337;Ivan337;1984-11-08;nas@tam.net337;gg337;2020-11-29;74953222569;76
338;Ivan338;1991-11-09;nas@tam.net338;gg338;2020-06-02;74953222570;46
339;Ivan339;1964-02-05;nas@tam.net339;gg339;2020-02-20;74953222571;55
340;Ivan340;1967-03-08;nas@tam.net340;gg340;2020-03-14;74953222572;9
341;Ivan341;1976-10-06;nas@tam.net341;gg341;2020-11-01;74953222573;36
342;Ivan342;1999-05-15;nas@tam.net342;gg342;2020-09-20;74953222574;26
343;Ivan343;1953-10-06;nas@tam.net343;gg343;2020-11-25;74953222575;30
344;Ivan344;1955-11-21;nas@tam.net344;gg344;2020-08-07;74953222576;83
345;Ivan345;1970-02-15;nas@tam.net345;gg345;2020-08-31;74953222577;17
346;Ivan346;1954-07-12;nas@tam.net346;gg346;2020-01-13;74953222578;18
347;Ivan347;1996-10-16;nas@tam.net347;gg347;2020-06-19;74953222579;97
348;Ivan348;1954-04-25;nas@tam.net348;gg348;2020-11-02;74953222580;34
349;Ivan349;1962-04-24;nas@tam.net349;gg349;2020-08-10;74953222581;5
350;Ivan350;1966-07-22;nas@tam.net350;gg350;2020-06-17;74953222582;23
351;Ivan351;1964-06-19;nas@tam.net351;gg351;2020-11-20;74953222583;25
352;Ivan352;1967-08-21;nas@tam.net352;gg352;2020-08-22;74953222584;62
353;Ivan353;1952-03-19;nas@tam.net353;gg353;2020-04-25;74953222585;89
354;Ivan354;1963-02-27;nas@tam.net354;gg354;2020-05-27;74953222586;66
355;Ivan355;1987-07-11;nas@tam.net355;gg355;2020-11-18;74953222587;2
356;Ivan356;1957-12-02;nas@tam.net356;gg356;2020-11-18;74953222588;95
357;Ivan357;1976-06-18;nas@tam.net357;gg357;2020-10-04;74953222589;13
358;Ivan358;1960-01-01;nas@tam.net358;gg358;2020-02-16;74953222590;30
359;Ivan359;1950-04-17;nas@tam.net359;gg359;2020-10-31;74953222591;51
360;Ivan360;1986-12-06;nas@tam.net360;gg360;2020-01-04;74953222592;82
361;Ivan361;1988-08-03;nas@tam.net361;gg361;2020-04-04;74953222593;74
362;Ivan362;1990-02-16;nas@tam.net362;gg362;2020-05-01;74953222594;47
363;Ivan363;1956-10-08;nas@tam.net363;gg363;2020-07-07;74953222595;6
364;Ivan364;1992-02-11;nas@tam.net364;gg364;2020-03-06;74953222596;36
365;Ivan365;1967-01-23;nas@tam.net365;gg365;2020-05-18;74953222597;0
366;Ivan366;1996-11-27;nas@tam.net366;gg366;2020-02-29;74953222598;84
367;Ivan367;1968-03-25;nas@tam.net367;gg367;2020-03-11;74953222599;53
368;Ivan368;1962-07-24;nas@tam.net368;gg368;2020-09-26;74953222600;63
369;Ivan369;1970-02-13;nas@tam.net369;gg369;2020-06-02;74953222601;60
370;Ivan370;1980-06-18;nas@tam.net370;gg370;2020-02-29;74953222602;37
371;Ivan371;1967-12-28;nas@tam.net371;gg371;2020-03-16;74953222603;75
372;Ivan372;1954-09-28;nas@tam.net372;gg372;2020-10-05;74953222604;60
373;Ivan373;1987-03-02;nas@tam.net373;gg373;2020-07-20;74953222605;57
374;Ivan374;1954-11-21;nas@tam.net374;gg374;2020-01-07;74953222606;89
375;Ivan375;1953-10-20;nas@tam.net375;gg375;2020-02-20;74953222607;4
376;Ivan376;1953-05-23;nas@tam.net376;gg376;2020-01-24;74953222608;51
377;Ivan377;1976-03-17;nas@tam.net377;gg377;2020-02-09;74953222609;44
378;Ivan378;1965-08-17;nas@tam.net378;gg378;2020-11-06;74953222610;88
379;Ivan379;1981-02-27;nas@tam.net379;gg379;2020-08-23;74953222611;82
380;Ivan380;1967-11-10;nas@tam.net380;gg380;2020-07-11;74953222612;55
381;Ivan381;1964-03-26;nas@tam.net381;gg381;2020-07-20;74953222613;11
382;Ivan382;1969-07-09;nas@tam.net382;gg382;2020-02-18;74953222614;6
383;Ivan383;1968-04-29;nas@tam.net383;gg383;2020-07-02;74953222615;82
384;Ivan384;1978-12-27;nas@tam.net384;gg384;2020-04-29;74953222616;63
385;Ivan385;1965-08-22;nas@tam.net385;gg385;2020-03-03;74953222617;34
386;Ivan386;1957-02-13;nas@tam.net386;gg386;2020-12-15;74953222618;61
387;Ivan387;1974-11-10;nas@tam.net387;gg387;2020-01-02;74953222619;33
388;Ivan388;1972-08-28;nas@tam.net388;gg388;2020-07-21;74953222620;14
389;Ivan389;1988-03-18;nas@tam.net389;gg389;2020-02-03;74953222621;38
390;Ivan390;1997-12-31;nas@tam.net390;gg390;2020-01-30;74953222622;40
391;Ivan391;1977-11-02;nas@tam.net391;gg391;2020-07-29;74953222623;87
392;Ivan392;1964-11-27;nas@tam.net392;gg392;2020-07-06;74953222624;91
393;Ivan393;1980-01-25;nas@tam.net393;gg393;2020-07-18;74953222625;99
394;Ivan394;1950-11-15;nas@tam.net394;gg394;2020-10-18;74953222626;98
395;Ivan395;1966-05-06;nas@tam.net395;gg395;2020-05-09;74953222627;68
396;Ivan396;1953-01-13;nas@tam.net396;gg396;2020-09-24;74953222628;78
397;Ivan397;1964-12-18;nas@tam.net397;gg397;2020-09-01;74953222629;97
398;Ivan398;1976-06-09;nas@tam.net398;gg398;2020-07-11;74953222630;94
399;Ivan399;1978-12-11;nas@tam.net399;gg399;2020-02-21;74953222631;58
400;Ivan400;1952-11-22;nas@tam.net400;gg400;2020-04-18;74953222632;63
401;Ivan401;1966-04-20;nas@tam.net401;gg401;2020-08-20;74953222633;49
402;Ivan402;1974-03-23;nas@tam.net402;gg402;2020-03-29;74953222634;4
403;Ivan403;1955-06-08;nas@tam.net403;gg403;2020-09-01;74953222635;76
404;Ivan404;1992-08-04;nas@tam.net404;gg404;2020-09-08;74953222636;22
405;Ivan405;1960-11-10;nas@tam.net405;gg405;2020-02-16;74953222637;55
406;Ivan406;1950-06-22;nas@tam.net406;gg406;2020-09-14;74953222638;63
407;Ivan407;1972-03-17;nas@tam.net407;gg407;2020-05-17;74953222639;98
408;Ivan408;1990-05-20;nas@tam.net408;gg408;2020-10-12;74953222640;89
409;Ivan409;1964-01-04;nas@tam.net409;gg409;2020-06-16;74953222641;27
410;Ivan410;1981-03-17;nas@tam.net410;gg410;2020-12-29;74953222642;46
411;Ivan411;1967-08-18;nas@tam.net411;gg411;2020-12-18;74953222643;42
412;Ivan412;1960-05-18;nas@tam.net412;gg412;2020-06-12;74953222644;52
413;Ivan413;1979-10-15;nas@tam.net413;gg413;2020-04-06;74953222645;79
414;Ivan414;1958-07-26;nas@tam.net414;gg414;2020-01-15;74953222646;16
415;Ivan415;1953-07-10;nas@tam.net415;gg415;2020-05-05;74953222647;46
416;Ivan416;1961-05-27;nas@tam.net416;gg416;2020-08-05;74953222648;30
417;Ivan417;1971-02-11;nas@tam.net417;gg417;2020-10-04;74953222649;69
418;Ivan418;1961-09-21;nas@tam.net418;gg418;2020-05-11;74953222650;42
419;Ivan419;1950-02-28;nas@tam.net419;gg419;2020-12-30;74953222651;48
420;Ivan420;1953-10-01;nas@tam.net420;gg420;2020-09-09;74953222652;72
421;Ivan421;1979-01-07;nas@tam.net421;gg421;2020-02-07;74953222653;16
422;Ivan422;1973-06-23;nas@tam.net422;gg422;2020-05-01;74953222654;28
423;Ivan423;1965-03-25;nas@tam.net423;gg423;2020-11-18;74953222655;59
424;Ivan424;1988-03-29;nas@tam.net424;gg424;2020-03-05;74953222656;69
425;Ivan425;1978-12-09;nas@tam.net425;gg425;2020-10-11;74953222657;55
426;Ivan426;1971-09-19;nas@tam.net426;gg426;2020-12-29;74953222658;26
427;Ivan427;1988-12-19;nas@tam.net427;gg427;2020-09-03;74953222659;54
428;Ivan428;1957-05-12;nas@tam.net428;gg428;2020-09-09;74953222660;29
429;Ivan429;1977-08-24;nas@tam.net429;gg429;2020-06-16;74953222661;92
430;Ivan430;1958-11-02;nas@tam.net430;gg430;2020-04-26;74953222662;97
431;Ivan431;1975-02-24;nas@tam.net431;gg431;2020-01-16;74953222663;29
432;Ivan432;1964-04-12;nas@tam.net432;gg432;2020-11-11;74953222664;61
433;Ivan433;1990-11-29;nas@tam.net433;gg433;2020-09-02;74953222665;81
434;Ivan434;1999-02-23;nas@tam.net434;gg434;2020-09-13;74953222666;69
435;Ivan435;1966-03-06;nas@tam.net435;gg435;2020-05-13;74953222667;16
436;Ivan436;1982-07-30;nas@tam.net436;gg436;2020-04-09;74953222668;89
437;Ivan437;1962-09-27;nas@tam.net437;gg437;2020-01-05;74953222669;94
438;Ivan438;1997-03-06;nas@tam.net438;gg438;2020-10-05;74953222670;1
439;Ivan439;1990-04-19;nas@tam.net439;gg439;2020-04-01;74953222671;54
440;Ivan440;1969-01-29;nas@tam.net440;gg440;2020-05-30;74953222672;15
441;Ivan441;1995-01-27;nas@tam.net441;gg441;2020-09-26;74953222673;86
442;Ivan442;1957-06-25;nas@tam.net442;gg442;2020-06-29;74953222674;43
443;Ivan443;1950-12-04;nas@tam.net443;gg443;2020-05-20;74953222675;84
444;Ivan444;1957-09-11;nas@tam.net444;gg444;2020-08-30;74953222676;63
445;Ivan445;1989-10-16;nas@tam.net445;gg445;2020-02-10;74953222677;38
446;Ivan446;1978-04-24;nas@tam.net446;gg446;2020-01-25;74953222678;34
447;Ivan447;1975-11-29;nas@tam.net447;gg447;2020-06-26;74953222679;80
448;Ivan448;1958-03-06;nas@tam.net448;gg448;2020-01-25;74953222680;3
449;Ivan449;1969-03-28;nas@tam.net449;gg449;2020-08-21;74953222681;92
450;Ivan450;1955-02-17;nas@tam.net450;gg450;2020-02-14;74953222682;3
451;Ivan451;1967-09-25;nas@tam.net451;gg451;2020-02-21;74953222683;62
452;Ivan452;1957-03-22;nas@tam.net452;gg452;2020-06-07;74953222684;58
453;Ivan453;1994-10-30;nas@tam.net453;gg453;2020-05-31;74953222685;70
454;Ivan454;1957-10-03;nas@tam.net454;gg454;2020-10-01;74953222686;30
455;Ivan455;1958-06-05;nas@tam.net455;gg455;2020-02-21;74953222687;92
456;Ivan456;1999-02-18;nas@tam.net456;gg456;2020-01-29;74953222688;66
457;Ivan457;1967-06-23;nas@tam.net457;gg457;2020-03-03;74953222689;63
458;Ivan458;1951-02-09;nas@tam.net458;gg458;2020-08-31;74953222690;34
459;Ivan459;1979-01-28;nas@tam.net459;gg459;2020-03-21;74953222691;95
460;Ivan460;1981-04-25;nas@tam.net460;gg460;2020-02-20;74953222692;65
461;Ivan461;1967-10-31;nas@tam.net461;gg461;2020-01-26;74953222693;3
462;Ivan462;1985-01-03;nas@tam.net462;gg462;2020-10-23;74953222694;12
463;Ivan463;1955-05-10;nas@tam.net463;gg463;2020-07-23;74953222695;54
464;Ivan464;1990-01-02;nas@tam.net464;gg464;2020-11-12;74953222696;3
465;Ivan465;1969-03-31;nas@tam.net465;gg465;2020-08-28;74953222697;73
466;Ivan466;1985-11-14;nas@tam.net466;gg466;2020-07-23;74953222698;88
467;Ivan467;1959-04-24;nas@tam.net467;gg467;2020-03-02;74953222699;1
468;Ivan468;1972-12-20;nas@tam.net468;gg468;2020-01-31;74953222700;87
469;Ivan469;1995-11-01;nas@tam.net469;gg469;2020-04-15;74953222701;25
470;Ivan470;1964-11-16;nas@tam.net470;gg470;2020-11-15;74953222702;28
471;Ivan471;1956-12-15;nas@tam.net471;gg471;2020-09-16;74953222703;41
472;Ivan472;1995-10-07;nas@tam.net472;gg472;2020-09-05;74953222704;25
473;Ivan473;1985-12-22;nas@tam.net473;gg473;2020-08-29;74953222705;100
474;Ivan474;1951-01-26;nas@tam.net474;gg474;2020-06-13;74953222706;12
475;Ivan475;1983-04-02;nas@tam.net475;gg475;2020-06-18;74953222707;15
476;Ivan476;1956-02-02;nas@tam.net476;gg476;2020-02-23;74953222708;53
477;Ivan477;1969-06-04;nas@tam.net477;gg477;2020-07-13;74953222709;23
478;Ivan478;1973-06-22;nas@tam.net478;gg478;2020-11-29;74953222710;85
479;Ivan479;1998-06-26;nas@tam.net479;gg479;2020-09-13;74953222711;9
480;Ivan480;1982-11-11;nas@tam.net480;gg480;2020-04-05;74953222712;99
481;Ivan481;1965-05-12;nas@tam.net481;gg481;2020-07-29;74953222713;72
482;Ivan482;1984-06-10;nas@tam.net482;gg482;2020-11-14;74953222714;81
483;Ivan483;1977-02-24;nas@tam.net483;gg483;2020-05-23;74953222715;76
484;Ivan484;1967-09-30;nas@tam.net484;gg484;2020-09-06;74953222716;56
485;Ivan485;1986-10-25;nas@tam.net485;gg485;2020-11-03;74953222717;99
486;Ivan486;1950-04-23;nas@tam.net486;gg486;2020-09-11;74953222718;23
487;Ivan487;1992-03-12;nas@tam.net487;gg487;2020-08-28;74953222719;29
488;Ivan488;1967-02-26;nas@tam.net488;gg488;2020-02-10;74953222720;100
489;Ivan489;1958-05-14;nas@tam.net489;gg489;2020-06-27;74953222721;22
490;Ivan490;1974-11-12;nas@tam.net490;gg490;2020-10-19;74953222722;86
491;Ivan491;1967-02-25;nas@tam.net491;gg491;2020-12-07;74953222723;69
492;Ivan492;1957-12-11;nas@tam.net492;gg492;2020-08-27;74953222724;50
493;Ivan493;1998-02-22;nas@tam.net493;gg493;2020-08-29;74953222725;66
494;Ivan494;1959-04-15;nas@tam.net494;gg494;2020-09-09;74953222726;36
495;Ivan495;1972-07-10;nas@tam.net495;gg495;2020-10-13;74953222727;74
496;Ivan496;1997-03-21;nas@tam.net496;gg496;2020-11-12;74953222728;96
497;Ivan497;1979-05-14;nas@tam.net497;gg497;2020-09-01;74953222729;91
498;Ivan498;1970-02-16;nas@tam.net498;gg498;2020-06-16;74953222730;43
499;Ivan499;1988-10-15;nas@tam.net499;gg499;2020-12-02;74953222731;76
500;Ivan500;1978-09-11;nas@tam.net500;gg500;2020-05-08;74953222732;38
501;Ivan501;1971-02-12;nas@tam.net501;gg501;2020-04-17;74953222733;10
502;Ivan502;1956-07-01;nas@tam.net502;gg502;2020-05-20;74953222734;55
503;Ivan503;1963-02-16;nas@tam.net503;gg503;2020-10-27;74953222735;12
504;Ivan504;1969-04-04;nas@tam.net504;gg504;2020-11-16;74953222736;56
505;Ivan505;1993-04-15;nas@tam.net505;gg505;2020-02-24;74953222737;50
506;Ivan506;1952-01-26;nas@tam.net506;gg506;2020-06-14;74953222738;10
507;Ivan507;1968-12-21;nas@tam.net507;gg507;2020-03-30;74953222739;95
508;Ivan508;1999-07-10;nas@tam.net508;gg508;2020-06-01;74953222740;56
509;Ivan509;1999-12-02;nas@tam.net509;gg509;2020-10-05;74953222741;70
510;Ivan510;1998-09-15;nas@tam.net510;gg510;2020-01-23;74953222742;45
511;Ivan511;1989-09-18;nas@tam.net511;gg511;2020-04-17;74953222743;67
512;Ivan512;1966-10-10;nas@tam.net512;gg512;2020-12-25;74953222744;33
513;Ivan513;1986-05-06;nas@tam.net513;gg513;2020-10-03;74953222745;73
514;Ivan514;1998-12-06;nas@tam.net514;gg514;2020-01-07;74953222746;1
515;Ivan515;1962-06-30;nas@tam.net515;gg515;2020-11-20;74953222747;21
516;Ivan516;1950-07-25;nas@tam.net516;gg516;2020-06-18;74953222748;5
517;Ivan517;1955-01-16;nas@tam.net517;gg517;2020-01-19;74953222749;80
518;Ivan518;1988-06-23;nas@tam.net518;gg518;2020-01-28;74953222750;68
519;Ivan519;1963-03-22;nas@tam.net519;gg519;2020-08-07;74953222751;20
520;Ivan520;1980-08-13;nas@tam.net520;gg520;2020-11-27;74953222752;46
521;Ivan521;1962-07-09;nas@tam.net521;gg521;2020-08-22;74953222753;49
522;Ivan522;1963-02-22;nas@tam.net522;gg522;2020-11-18;74953222754;97
523;Ivan523;1972-08-14;nas@tam.net523;gg523;2020-09-21;74953222755;9
524;Ivan524;1965-02-06;nas@tam.net524;gg524;2020-03-05;74953222756;41
525;Ivan525;1968-03-06;nas@tam.net525;gg525;2020-02-04;74953222757;37
526;Ivan526;1979-08-03;nas@tam.net526;gg526;2020-11-15;74953222758;28
527;Ivan527;1997-01-01;nas@tam.net527;gg527;2020-11-07;74953222759;53
528;Ivan528;1969-07-15;nas@tam.net528;gg528;2020-12-22;74953222760;39
529;Ivan529;1969-04-25;nas@tam.net529;gg529;2020-11-12;74953222761;75
530;Ivan530;1997-08-25;nas@tam.net530;gg530;2020-01-04;74953222762;86
531;Ivan531;1989-03-02;nas@tam.net531;gg531;2020-05-18;74953222763;84
532;Ivan532;1958-05-21;nas@tam.net532;gg532;2020-03-22;74953222764;52
533;Ivan533;1999-02-15;nas@tam.net533;gg533;2020-12-27;74953222765;27
534;Ivan534;1956-04-24;nas@tam.net534;gg534;2020-11-11;74953222766;56
535;Ivan535;1978-08-19;nas@tam.net535;gg535;2020-05-15;74953222767;58
536;Ivan536;1972-03-24;nas@tam.net536;gg536;2020-09-16;74953222768;81
537;Ivan537;1990-07-22;nas@tam.net537;gg537;2020-01-11;74953222769;87
538;Ivan538;1970-08-17;nas@tam.net538;gg538;2020-06-26;74953222770;98
539;Ivan539;1964-03-15;nas@tam.net539;gg539;2020-08-18;74953222771;96
540;Ivan540;1968-11-19;nas@tam.net540;gg540;2020-05-12;74953222772;25
541;Ivan541;1951-07-03;nas@tam.net541;gg541;2020-12-15;74953222773;10
542;Ivan542;1965-05-18;nas@tam.net542;gg542;2020-09-03;74953222774;78
543;Ivan543;1965-01-06;nas@tam.net543;gg543;2020-09-16;74953222775;10
544;Ivan544;1997-03-27;nas@tam.net544;gg544;2020-02-23;74953222776;47
545;Ivan545;1972-03-28;nas@tam.net545;gg545;2020-02-22;74953222777;79
546;Ivan546;1997-08-12;nas@tam.net546;gg546;2020-07-18;74953222778;61
547;Ivan547;1965-07-04;nas@tam.net547;gg547;2020-10-30;74953222779;84
548;Ivan548;1974-09-01;nas@tam.net548;gg548;2020-10-05;74953222780;25
549;Ivan549;1983-12-13;nas@tam.net549;gg549;2020-09-11;74953222781;58
550;Ivan550;1972-01-05;nas@tam.net550;gg550;2020-03-21;74953222782;98
551;Ivan551;1954-02-23;nas@tam.net551;gg551;2020-04-04;74953222783;90
552;Ivan552;1995-02-13;nas@tam.net552;gg552;2020-03-01;74953222784;83
553;Ivan553;1968-09-19;nas@tam.net553;gg553;2020-03-27;74953222785;69
554;Ivan554;1999-02-26;nas@tam.net554;gg554;2020-12-13;74953222786;57
555;Ivan555;1991-02-11;nas@tam.net555;gg555;2020-07-06;74953222787;35
556;Ivan556;1983-02-24;nas@tam.net556;gg556;2020-09-28;74953222788;45
557;Ivan557;1996-10-31;nas@tam.net557;gg557;2020-12-03;74953222789;37
558;Ivan558;1971-11-18;nas@tam.net558;gg558;2020-02-23;74953222790;54
559;Ivan559;1993-12-18;nas@tam.net559;gg559;2020-09-08;74953222791;8
560;Ivan560;1955-08-23;nas@tam.net560;gg560;2020-04-11;74953222792;56
561;Ivan561;1983-07-06;nas@tam.net561;gg561;2020-08-02;74953222793;96
562;Ivan562;1988-09-10;nas@tam.net562;gg562;2020-12-26;74953222794;51
563;Ivan563;1967-05-15;nas@tam.net563;gg563;2020-08-18;74953222795;62
564;Ivan564;1993-11-28;nas@tam.net564;gg564;2020-12-31;74953222796;60
565;Ivan565;1977-03-29;nas@tam.net565;gg565;2020-04-29;74953222797;91
566;Ivan566;1966-01-24;nas@tam.net566;gg566;2020-10-04;74953222798;42
567;Ivan567;1967-07-08;nas@tam.net567;gg567;2020-04-02;74953222799;28
568;Ivan568;1966-11-27;nas@tam.net568;gg568;2020-12-27;74953222800;46
569;Ivan569;1994-11-24;nas@tam.net569;gg569;2020-08-29;74953222801;19
570;Ivan570;1977-07-27;nas@tam.net570;gg570;2020-08-25;74953222802;1
571;Ivan571;1963-09-21;nas@tam.net571;gg571;2020-07-27;74953222803;6
572;Ivan572;1972-08-03;nas@tam.net572;gg572;2020-06-15;74953222804;85
573;Ivan573;1989-07-11;nas@tam.net573;gg573;2020-03-03;74953222805;66
574;Ivan574;1951-12-29;nas@tam.net574;gg574;2020-09-20;74953222806;41
575;Ivan575;1998-01-19;nas@tam.net575;gg575;2020-03-22;74953222807;70
576;Ivan576;1957-09-04;nas@tam.net576;gg576;2020-01-30;74953222808;30
577;Ivan577;1965-10-30;nas@tam.net577;gg577;2020-06-26;74953222809;13
578;Ivan578;1990-01-11;nas@tam.net578;gg578;2020-08-20;74953222810;48
579;Ivan579;1953-02-11;nas@tam.net579;gg579;2020-01-17;74953222811;57
580;Ivan580;1963-10-22;nas@tam.net580;gg580;2020-08-01;74953222812;15
581;Ivan581;1974-01-28;nas@tam.net581;gg581;2020-07-04;74953222813;23
582;Ivan582;1985-01-08;nas@tam.net582;gg582;2020-01-24;74953222814;100
583;Ivan583;1977-09-07;nas@tam.net583;gg583;2020-11-30;74953222815;31
584;Ivan584;1966-06-20;nas@tam.net584;gg584;2020-05-25;74953222816;18
585;Ivan585;1994-01-26;nas@tam.net585;gg585;2020-01-04;74953222817;85
586;Ivan586;1964-11-11;nas@tam.net586;gg586;2020-11-23;74953222818;46
587;Ivan587;1996-08-18;nas@tam.net587;gg587;2020-11-13;74953222819;3
588;Ivan588;1987-11-07;nas@tam.net588;gg588;2020-06-16;74953222820;19
589;Ivan589;1998-12-16;nas@tam.net589;gg589;2020-01-30;74953222821;27
590;Ivan590;1991-03-04;nas@tam.net590;gg590;2020-08-20;74953222822;98
591;Ivan591;1955-10-26;nas@tam.net591;gg591;2020-09-19;74953222823;42
592;Ivan592;1998-03-26;nas@tam.net592;gg592;2020-12-10;74953222824;11
593;Ivan593;1987-07-03;nas@tam.net593;gg593;2020-05-25;74953222825;59
594;Ivan594;1977-10-24;nas@tam.net594;gg594;2020-04-05;74953222826;75
595;Ivan595;1970-02-25;nas@tam.net595;gg595;2020-04-24;74953222827;3
596;Ivan596;1994-02-28;nas@tam.net596;gg596;2020-07-24;74953222828;28
597;Ivan597;1969-03-19;nas@tam.net597;gg597;2020-07-15;74953222829;84
598;Ivan598;1966-04-08;nas@tam.net598;gg598;2020-09-07;74953222830;16
599;Ivan599;1961-10-19;nas@tam.net599;gg599;2020-05-06;74953222831;63
600;Ivan600;1996-10-05;nas@tam.net600;gg600;2020-03-12;74953222832;48
601;Ivan601;1951-12-30;nas@tam.net601;gg601;2020-08-12;74953222833;55
602;Ivan602;1979-07-23;nas@tam.net602;gg602;2020-11-05;74953222834;86
603;Ivan603;1981-11-20;nas@tam.net603;gg603;2020-02-05;74953222835;94
604;Ivan604;1968-06-05;nas@tam.net604;gg604;2020-01-03;74953222836;56
605;Ivan605;1952-12-07;nas@tam.net605;gg605;2020-03-05;74953222837;34
606;Ivan606;1996-03-18;nas@tam.net606;gg606;2020-12-10;74953222838;83
607;Ivan607;1966-08-11;nas@tam.net607;gg607;2020-04-28;74953222839;9
608;Ivan608;1959-07-17;nas@tam.net608;gg608;2020-07-01;74953222840;98
609;Ivan609;1978-03-18;nas@tam.net609;gg609;2020-01-28;74953222841;100
610;Ivan610;1969-12-15;nas@tam.net610;gg610;2020-11-09;74953222842;70
611;Ivan611;1973-03-04;nas@tam.net611;gg611;2020-03-17;74953222843;9
612;Ivan612;1987-02-17;nas@tam.net612;gg612;2020-09-11;74953222844;35
613;Ivan613;1995-04-09;nas@tam.net613;gg613;2020-06-23;74953222845;100
614;Ivan614;1981-08-23;nas@tam.net614;gg614;2020-06-18;74953222846;87
615;Ivan615;1993-05-19;nas@tam.net615;gg615;2020-08-01;74953222847;46
616;Ivan616;1990-01-19;nas@tam.net616;gg616;2020-08-15;74953222848;60
617;Ivan617;1962-05-20;nas@tam.net617;gg617;2020-02-20;74953222849;11
618;Ivan618;1976-09-12;nas@tam.net618;gg618;2020-10-19;74953222850;69
619;Ivan619;1967-09-24;nas@tam.net619;gg619;2020-07-28;74953222851;10
620;Ivan620;1987-12-13;nas@tam.net620;gg620;2020-01-09;74953222852;52
621;Ivan621;1960-12-05;nas@tam.net621;gg621;2020-05-10;74953222853;74
622;Ivan622;1982-11-29;nas@tam.net622;gg622;2020-05-22;74953222854;19
623;Ivan623;1998-11-01;nas@tam.net623;gg623;2020-02-13;74953222855;8
624;Ivan624;1983-12-11;nas@tam.net624;gg624;2020-07-13;74953222856;0
625;Ivan625;1964-10-01;nas@tam.net625;gg625;2020-09-28;74953222857;98
626;Ivan626;1969-11-08;nas@tam.net626;gg626;2020-07-28;74953222858;63
627;Ivan627;1983-09-03;nas@tam.net627;gg627;2020-04-06;74953222859;43
628;Ivan628;1979-06-15;nas@tam.net628;gg628;2020-04-07;74953222860;8
629;Ivan629;1961-11-05;nas@tam.net629;gg629;2020-01-12;74953222861;81
630;Ivan630;1959-06-07;nas@tam.net630;gg630;2020-06-21;74953222862;99
631;Ivan631;1965-01-04;nas@tam.net631;gg631;2020-04-21;74953222863;25
632;Ivan632;1967-02-19;nas@tam.net632;gg632;2020-09-03;74953222864;84
633;Ivan633;1992-07-12;nas@tam.net633;gg633;2020-11-26;74953222865;17
634;Ivan634;1962-01-27;nas@tam.net634;gg634;2020-05-01;74953222866;68
635;Ivan635;1993-02-02;nas@tam.net635;gg635;2020-05-30;74953222867;65
636;Ivan636;1957-10-31;nas@tam.net636;gg636;2020-09-22;74953222868;34
637;Ivan637;1970-10-31;nas@tam.net637;gg637;2020-04-25;74953222869;40
638;Ivan638;1956-02-02;nas@tam.net638;gg638;2020-10-08;74953222870;27
639;Ivan639;1950-09-02;nas@tam.net639;gg639;2020-02-25;74953222871;41
640;Ivan640;1960-03-22;nas@tam.net640;gg640;2020-04-29;74953222872;27
641;Ivan641;1963-01-22;nas@tam.net641;gg641;2020-03-08;74953222873;4
642;Ivan642;1952-05-09;nas@tam.net642;gg642;2020-06-25;74953222874;8
643;Ivan643;1956-08-25;nas@tam.net643;gg643;2020-04-07;74953222875;2
644;Ivan644;1994-08-26;nas@tam.net644;gg644;2020-03-31;74953222876;47
645;Ivan645;1978-03-02;nas@tam.net645;gg645;2020-06-17;74953222877;13
646;Ivan646;1993-03-24;nas@tam.net646;gg646;2020-07-22;74953222878;30
647;Ivan647;1965-10-03;nas@tam.net647;gg647;2020-10-04;74953222879;31
648;Ivan648;1961-07-13;nas@tam.net648;gg648;2020-10-09;74953222880;63
649;Ivan649;1984-03-25;nas@tam.net649;gg649;2020-01-11;74953222881;59
650;Ivan650;1957-03-30;nas@tam.net650;gg650;2020-08-18;74953222882;66
651;Ivan651;1988-03-17;nas@tam.net651;gg651;2020-09-02;74953222883;98
652;Ivan652;1979-11-30;nas@tam.net652;gg652;2020-07-20;74953222884;57
653;Ivan653;1970-05-21;nas@tam.net653;gg653;2020-09-01;74953222885;14
654;Ivan654;1982-07-08;nas@tam.net654;gg654;2020-01-28;74953222886;33
655;Ivan655;1981-09-25;nas@tam.net655;gg655;2020-10-13;74953222887;60
656;Ivan656;1999-04-14;nas@tam.net656;gg656;2020-06-12;74953222888;52
657;Ivan657;1983-07-11;nas@tam.net657;gg657;2020-04-06;74953222889;83
658;Ivan658;1981-07-18;nas@tam.net658;gg658;2020-08-19;74953222890;78
659;Ivan659;1963-08-15;nas@tam.net659;gg659;2020-09-03;74953222891;43
660;Ivan660;1960-11-05;nas@tam.net660;gg660;2020-12-22;74953222892;56
661;Ivan661;1982-05-18;nas@tam.net661;gg661;2020-10-25;74953222893;43
662;Ivan662;1956-09-07;nas@tam.net662;gg662;2020-08-29;74953222894;69
663;Ivan663;1984-05-04;nas@tam.net663;gg663;2020-02-18;74953222895;19
664;Ivan664;1962-07-29;nas@tam.net664;gg664;2020-07-25;74953222896;42
665;Ivan665;1970-12-31;nas@tam.net665;gg665;2020-05-06;74953222897;9
666;Ivan666;1977-09-20;nas@tam.net666;gg666;2020-12-31;74953222898;29
667;Ivan667;1978-10-28;nas@tam.net667;gg667;2020-12-02;74953222899;45
668;Ivan668;1996-02-17;nas@tam.net668;gg668;2020-07-27;74953222900;59
669;Ivan669;1997-04-16;nas@tam.net669;gg669;2020-04-17;74953222901;7
670;Ivan670;1985-12-28;nas@tam.net670;gg670;2020-12-09;74953222902;85
671;Ivan671;1969-12-16;nas@tam.net671;gg671;2020-01-24;74953222903;37
672;Ivan672;1987-07-10;nas@tam.net672;gg672;2020-03-07;74953222904;57
673;Ivan673;1969-04-27;nas@tam.net673;gg673;2020-02-14;74953222905;6
674;Ivan674;1974-05-06;nas@tam.net674;gg674;2020-04-26;74953222906;1
675;Ivan675;1968-04-18;nas@tam.net675;gg675;2020-10-09;74953222907;62
676;Ivan676;1951-07-17;nas@tam.net676;gg676;2020-08-02;74953222908;40
677;Ivan677;1981-08-22;nas@tam.net677;gg677;2020-07-05;74953222909;61
678;Ivan678;1959-02-03;nas@tam.net678;gg678;2020-02-11;74953222910;87
679;Ivan679;1967-01-09;nas@tam.net679;gg679;2020-09-18;74953222911;77
680;Ivan680;1978-07-14;nas@tam.net680;gg680;2020-08-01;74953222912;43
681;Ivan681;1957-08-14;nas@tam.net681;gg681;2020-08-21;74953222913;100
682;Ivan682;1965-02-19;nas@tam.net682;gg682;2020-02-10;74953222914;75
683;Ivan683;1980-10-25;nas@tam.net683;gg683;2020-02-26;74953222915;57
684;Ivan684;1982-07-16;nas@tam.net684;gg684;2020-06-06;74953222916;77
685;Ivan685;1977-01-22;nas@tam.net685;gg685;2020-08-21;74953222917;19
686;Ivan686;1998-05-04;nas@tam.net686;gg686;2020-09-03;74953222918;48
687;Ivan687;1974-01-03;nas@tam.net687;gg687;2020-12-22;74953222919;92
688;Ivan688;1994-06-04;nas@tam.net688;gg688;2020-10-05;74953222920;4
689;Ivan689;1972-11-25;nas@tam.net689;gg689;2020-02-14;74953222921;20
690;Ivan690;1952-02-24;nas@tam.net690;gg690;2020-08-31;74953222922;79
691;Ivan691;1952-04-26;nas@tam.net691;gg691;2020-12-11;74953222923;67
692;Ivan692;1983-06-07;nas@tam.net692;gg692;2020-12-26;74953222924;33
693;Ivan693;1973-11-24;nas@tam.net693;gg693;2020-05-08;74953222925;40
694;Ivan694;1967-04-20;nas@tam.net694;gg694;2020-11-27;74953222926;85
695;Ivan695;1993-10-30;nas@tam.net695;gg695;2020-02-04;74953222927;4
696;Ivan696;1958-12-05;nas@tam.net696;gg696;2020-10-15;74953222928;1
697;Ivan697;1972-03-10;nas@tam.net697;gg697;2020-01-28;74953222929;88
698;Ivan698;1956-11-25;nas@tam.net698;gg698;2020-01-13;74953222930;1
699;Ivan699;1952-05-16;nas@tam.net699;gg699;2020-08-22;74953222931;43
700;Ivan700;1976-06-14;nas@tam.net700;gg700;2020-06-24;74953222932;9
701;Ivan701;1999-04-05;nas@tam.net701;gg701;2020-11-14;74953222933;91
702;Ivan702;1975-01-03;nas@tam.net702;gg702;2020-01-19;74953222934;63
703;Ivan703;1989-02-07;nas@tam.net703;gg703;2020-08-24;74953222935;51
704;Ivan704;1994-03-12;nas@tam.net704;gg704;2020-10-29;74953222936;98
705;Ivan705;1954-12-28;nas@tam.net705;gg705;2020-11-23;74953222937;39
706;Ivan706;1970-12-18;nas@tam.net706;gg706;2020-10-20;74953222938;21
707;Ivan707;1991-07-15;nas@tam.net707;gg707;2020-07-29;74953222939;67
708;Ivan708;1999-10-13;nas@tam.net708;gg708;2020-04-13;74953222940;9
709;Ivan709;1998-07-13;nas@tam.net709;gg709;2020-04-17;74953222941;32
710;Ivan710;1964-06-20;nas@tam.net710;gg710;2020-10-26;74953222942;82
711;Ivan711;1991-10-02;nas@tam.net711;gg711;2020-08-30;74953222943;30
712;Ivan712;1983-12-09;nas@tam.net712;gg712;2020-02-24;74953222944;67
713;Ivan713;1975-06-04;nas@tam.net713;gg713;2020-07-21;74953222945;84
714;Ivan714;1975-08-17;nas@tam.net714;gg714;2020-01-05;74953222946;75
715;Ivan715;1986-11-08;nas@tam.net715;gg715;2020-10-08;74953222947;69
716;Ivan716;1979-09-02;nas@tam.net716;gg716;2020-10-24;74953222948;25
717;Ivan717;1997-03-19;nas@tam.net717;gg717;2020-06-15;74953222949;26
718;Ivan718;1971-06-16;nas@tam.net718;gg718;2020-03-23;74953222950;71
719;Ivan719;1972-08-19;nas@tam.net719;gg719;2020-02-01;74953222951;24
720;Ivan720;1982-03-11;nas@tam.net720;gg720;2020-02-02;74953222952;16
721;Ivan721;1988-01-08;nas@tam.net721;gg721;2020-12-10;74953222953;32
722;Ivan722;1954-04-24;nas@tam.net722;gg722;2020-05-07;74953222954;34
723;Ivan723;1955-03-02;nas@tam.net723;gg723;2020-11-16;74953222955;90
724;Ivan724;1988-01-23;nas@tam.net724;gg724;2020-04-24;74953222956;79
725;Ivan725;1990-03-19;nas@tam.net725;gg725;2020-11-23;74953222957;74
726;Ivan726;1954-11-05;nas@tam.net726;gg726;2020-01-12;74953222958;88
727;Ivan727;1983-08-05;nas@tam.net727;gg727;2020-10-17;74953222959;9
728;Ivan728;1982-12-30;nas@tam.net728;gg728;2020-07-31;74953222960;73
729;Ivan729;1991-05-12;nas@tam.net729;gg729;2020-02-12;74953222961;68
730;Ivan730;1966-08-04;nas@tam.net730;gg730;2020-11-22;74953222962;65
731;Ivan731;1970-11-11;nas@tam.net731;gg731;2020-03-05;74953222963;16
732;Ivan732;1959-05-10;nas@tam.net732;gg732;2020-11-12;74953222964;64
733;Ivan733;1951-04-29;nas@tam.net733;gg733;2020-04-17;74953222965;86
734;Ivan734;1972-12-27;nas@tam.net734;gg734;2020-01-05;74953222966;100
735;Ivan735;1973-09-19;nas@tam.net735;gg735;2020-12-27;74953222967;4
736;Ivan736;1997-03-01;nas@tam.net736;gg736;2020-06-19;74953222968;41
737;Ivan737;1975-08-19;nas@tam.net737;gg737;2020-02-03;74953222969;96
738;Ivan738;1993-11-24;nas@tam.net738;gg738;2020-10-06;74953222970;33
739;Ivan739;1972-10-14;nas@tam.net739;gg739;2020-11-12;74953222971;71
740;Ivan740;1965-12-06;nas@tam.net740;gg740;2020-09-02;74953222972;44
741;Ivan741;1964-08-11;nas@tam.net741;gg741;2020-06-19;74953222973;41
742;Ivan742;1996-05-08;nas@tam.net742;gg742;2020-11-08;74953222974;8
743;Ivan743;1993-01-05;nas@tam.net743;gg743;2020-09-01;74953222975;14
744;Ivan744;1969-06-09;nas@tam.net744;gg744;2020-05-17;74953222976;33
745;Ivan745;1983-12-24;nas@tam.net745;gg745;2020-05-13;74953222977;76
746;Ivan746;1977-12-29;nas@tam.net746;gg746;2020-06-16;74953222978;10
747;Ivan747;1988-10-05;nas@tam.net747;gg747;2020-10-02;74953222979;93
748;Ivan748;1969-04-11;nas@tam.net748;gg748;2020-04-26;74953222980;44
749;Ivan749;1996-06-17;nas@tam.net749;gg749;2020-08-25;74953222981;31
750;Ivan750;1966-09-09;nas@tam.net750;gg750;2020-08-23;74953222982;15
751;Ivan751;1993-09-20;nas@tam.net751;gg751;2020-01-25;74953222983;53
752;Ivan752;1955-11-27;nas@tam.net752;gg752;2020-08-20;74953222984;37
753;Ivan753;1996-03-24;nas@tam.net753;gg753;2020-02-16;74953222985;91
754;Ivan754;1960-09-11;nas@tam.net754;gg754;2020-02-19;74953222986;24
755;Ivan755;1991-07-18;nas@tam.net755;gg755;2020-03-26;74953222987;30
756;Ivan756;1964-06-22;nas@tam.net756;gg756;2020-07-14;74953222988;7
757;Ivan757;1971-01-03;nas@tam.net757;gg757;2020-11-27;74953222989;97
758;Ivan758;1969-04-09;nas@tam.net758;gg758;2020-09-10;74953222990;77
759;Ivan759;1955-06-12;nas@tam.net759;gg759;2020-10-27;74953222991;7
760;Ivan760;1988-07-05;nas@tam.net760;gg760;2020-07-01;74953222992;59
761;Ivan761;1994-06-13;nas@tam.net761;gg761;2020-02-10;74953222993;39
762;Ivan762;1993-01-21;nas@tam.net762;gg762;2020-03-28;74953222994;88
763;Ivan763;1998-05-26;nas@tam.net763;gg763;2020-09-17;74953222995;31
764;Ivan764;1982-07-09;nas@tam.net764;gg764;2020-05-19;74953222996;55
765;Ivan765;1973-12-05;nas@tam.net765;gg765;2020-08-20;74953222997;26
766;Ivan766;1991-10-11;nas@tam.net766;gg766;2020-07-13;74953222998;14
767;Ivan767;1971-10-04;nas@tam.net767;gg767;2020-02-07;74953222999;29
768;Ivan768;1983-10-31;nas@tam.net768;gg768;2020-08-22;74953223000;41
769;Ivan769;1994-06-15;nas@tam.net769;gg769;2020-06-17;74953223001;47
770;Ivan770;1958-04-22;nas@tam.net770;gg770;2020-04-25;74953223002;69
771;Ivan771;1972-07-03;nas@tam.net771;gg771;2020-11-25;74953223003;60
772;Ivan772;1988-12-14;nas@tam.net772;gg772;2020-02-25;74953223004;8
773;Ivan773;1981-03-14;nas@tam.net773;gg773;2020-07-01;74953223005;97
774;Ivan774;1981-02-02;nas@tam.net774;gg774;2020-11-10;74953223006;84
775;Ivan775;1990-03-02;nas@tam.net775;gg775;2020-05-23;74953223007;12
776;Ivan776;1988-01-01;nas@tam.net776;gg776;2020-03-21;74953223008;29
777;Ivan777;1958-08-22;nas@tam.net777;gg777;2020-06-12;74953223009;28
778;Ivan778;1954-01-11;nas@tam.net778;gg778;2020-10-12;74953223010;4
779;Ivan779;1995-03-09;nas@tam.net779;gg779;2020-05-06;74953223011;20
780;Ivan780;1952-12-31;nas@tam.net780;gg780;2020-11-04;74953223012;7
781;Ivan781;1993-05-26;nas@tam.net781;gg781;2020-12-16;74953223013;28
782;Ivan782;1968-06-10;nas@tam.net782;gg782;2020-01-09;74953223014;22
783;Ivan783;1963-02-20;nas@tam.net783;gg783;2020-04-28;74953223015;72
784;Ivan784;1952-01-16;nas@tam.net784;gg784;2020-02-20;74953223016;38
785;Ivan785;1952-01-28;nas@tam.net785;gg785;2020-08-17;74953223017;76
786;Ivan786;1964-01-31;nas@tam.net786;gg786;2020-09-21;74953223018;18
787;Ivan787;1965-09-20;nas@tam.net787;gg787;2020-08-19;74953223019;30
788;Ivan788;1965-06-02;nas@tam.net788;gg788;2020-07-11;74953223020;34
789;Ivan789;1998-09-30;nas@tam.net789;gg789;2020-03-04;74953223021;92
790;Ivan790;1987-08-02;nas@tam.net790;gg790;2020-08-18;74953223022;34
791;Ivan791;1951-03-20;nas@tam.net791;gg791;2020-05-01;74953223023;30
792;Ivan792;1991-05-28;nas@tam.net792;gg792;2020-01-15;74953223024;20
793;Ivan793;1969-04-09;nas@tam.net793;gg793;2020-01-05;74953223025;87
794;Ivan794;1983-08-31;nas@tam.net794;gg794;2020-12-27;74953223026;19
795;Ivan795;1961-03-16;nas@tam.net795;gg795;2020-10-09;74953223027;61
796;Ivan796;1989-11-22;nas@tam.net796;gg796;2020-02-06;74953223028;84
797;Ivan797;1955-02-16;nas@tam.net797;gg797;2020-02-28;74953223029;96
798;Ivan798;1969-03-15;nas@tam.net798;gg798;2020-02-01;74953223030;93
799;Ivan799;1960-04-07;nas@tam.net799;gg799;2020-10-01;74953223031;65
800;Ivan800;1967-02-03;nas@tam.net800;gg800;2020-10-07;74953223032;68
801;Ivan801;1975-07-08;nas@tam.net801;gg801;2020-05-21;74953223033;29
802;Ivan802;1974-07-24;nas@tam.net802;gg802;2020-12-14;74953223034;89
803;Ivan803;1986-06-17;nas@tam.net803;gg803;2020-05-22;74953223035;49
804;Ivan804;1983-06-05;nas@tam.net804;gg804;2020-06-07;74953223036;23
805;Ivan805;1976-11-30;nas@tam.net805;gg805;2020-11-13;74953223037;18
806;Ivan806;1959-02-27;nas@tam.net806;gg806;2020-09-10;74953223038;3
807;Ivan807;1975-10-06;nas@tam.net807;gg807;2020-10-21;74953223039;7
808;Ivan808;1952-11-27;nas@tam.net808;gg808;2020-07-07;74953223040;21
809;Ivan809;1993-03-06;nas@tam.net809;gg809;2020-01-14;74953223041;6
810;Ivan810;1950-07-12;nas@tam.net810;gg810;2020-12-14;74953223042;21
811;Ivan811;1995-06-07;nas@tam.net811;gg811;2020-08-18;74953223043;37
812;Ivan812;1962-06-12;nas@tam.net812;gg812;2020-05-13;74953223044;73
813;Ivan813;1987-11-17;nas@tam.net813;gg813;2020-02-26;74953223045;74
814;Ivan814;1950-11-28;nas@tam.net814;gg814;2020-02-15;74953223046;9
815;Ivan815;1983-09-22;nas@tam.net815;gg815;2020-12-15;74953223047;71
816;Ivan816;1990-07-24;nas@tam.net816;gg816;2020-05-13;74953223048;87
817;Ivan817;1964-09-28;nas@tam.net817;gg817;2020-01-23;74953223049;10
818;Ivan818;1993-02-18;nas@tam.net818;gg818;2020-09-13;74953223050;13
819;Ivan819;1969-07-16;nas@tam.net819;gg819;2020-04-21;74953223051;45
820;Ivan820;1975-06-22;nas@tam.net820;gg820;2020-10-17;74953223052;80
821;Ivan821;1983-09-23;nas@tam.net821;gg821;2020-10-01;74953223053;84
822;Ivan822;1986-07-07;nas@tam.net822;gg822;2020-02-17;74953223054;57
823;Ivan823;1971-11-06;nas@tam.net823;gg823;2020-09-08;74953223055;8
824;Ivan824;1975-07-26;nas@tam.net824;gg824;2020-10-25;74953223056;12
825;Ivan825;1970-05-10;nas@tam.net825;gg825;2020-01-27;74953223057;88
826;Ivan826;1996-09-23;nas@tam.net826;gg826;2020-11-22;74953223058;28
827;Ivan827;1951-08-01;nas@tam.net827;gg827;2020-07-10;74953223059;70
828;Ivan828;1989-10-30;nas@tam.net828;gg828;2020-06-01;74953223060;88
829;Ivan829;1986-11-26;nas@tam.net829;gg829;2020-05-25;74953223061;2
830;Ivan830;1965-11-29;nas@tam.net830;gg830;2020-01-15;74953223062;15
831;Ivan831;1978-01-28;nas@tam.net831;gg831;2020-05-11;74953223063;6
832;Ivan832;1997-06-19;nas@tam.net832;gg832;2020-08-07;74953223064;10
833;Ivan833;1997-06-19;nas@tam.net833;gg833;2020-06-11;74953223065;100
834;Ivan834;1981-06-25;nas@tam.net834;gg834;2020-11-19;74953223066;64
835;Ivan835;1963-11-08;nas@tam.net835;gg835;2020-01-26;74953223067;71
836;Ivan836;1998-06-12;nas@tam.net836;gg836;2020-12-14;74953223068;4
837;Ivan837;1951-02-20;nas@tam.net837;gg837;2020-04-05;74953223069;91
838;Ivan838;1966-08-30;nas@tam.net838;gg838;2020-09-06;74953223070;72
839;Ivan839;1961-04-20;nas@tam.net839;gg839;2020-03-08;74953223071;86
840;Ivan840;1981-02-07;nas@tam.net840;gg840;2020-03-29;74953223072;54
841;Ivan841;1961-12-14;nas@tam.net841;gg841;2020-05-25;74953223073;62
842;Ivan842;1966-10-23;nas@tam.net842;gg842;2020-03-08;74953223074;86
843;Ivan843;1970-03-17;nas@tam.net843;gg843;2020-06-05;74953223075;100
844;Ivan844;1964-01-22;nas@tam.net844;gg844;2020-09-24;74953223076;49
845;Ivan845;1976-10-23;nas@tam.net845;gg845;2020-01-13;74953223077;94
846;Ivan846;1976-06-07;nas@tam.net846;gg846;2020-07-23;74953223078;35
847;Ivan847;1993-03-20;nas@tam.net847;gg847;2020-06-08;74953223079;2
848;Ivan848;1992-10-27;nas@tam.net848;gg848;2020-03-25;74953223080;61
849;Ivan849;1996-03-16;nas@tam.net849;gg849;2020-09-25;74953223081;68
850;Ivan850;1956-10-13;nas@tam.net850;gg850;2020-07-09;74953223082;62
851;Ivan851;1998-02-02;nas@tam.net851;gg851;2020-06-23;74953223083;26
852;Ivan852;1952-12-14;nas@tam.net852;gg852;2020-06-12;74953223084;7
853;Ivan853;1957-01-05;nas@tam.net853;gg853;2020-04-20;74953223085;91
854;Ivan854;1981-07-02;nas@tam.net854;gg854;2020-08-29;74953223086;23
855;Ivan855;1954-08-14;nas@tam.net855;gg855;2020-08-09;74953223087;13
856;Ivan856;1950-06-11;nas@tam.net856;gg856;2020-11-11;74953223088;12
857;Ivan857;1955-10-10;nas@tam.net857;gg857;2020-05-28;74953223089;56
858;Ivan858;1968-08-12;nas@tam.net858;gg858;2020-07-23;74953223090;63
859;Ivan859;1959-05-03;nas@tam.net859;gg859;2020-10-14;74953223091;44
860;Ivan860;1962-10-23;nas@tam.net860;gg860;2020-03-15;74953223092;61
861;Ivan861;1979-11-30;nas@tam.net861;gg861;2020-03-22;74953223093;41
862;Ivan862;1958-06-09;nas@tam.net862;gg862;2020-12-24;74953223094;32
863;Ivan863;1973-03-14;nas@tam.net863;gg863;2020-01-04;74953223095;45
864;Ivan864;1953-03-14;nas@tam.net864;gg864;2020-08-21;74953223096;3
865;Ivan865;1965-02-20;nas@tam.net865;gg865;2020-07-29;74953223097;81
866;Ivan866;1981-12-19;nas@tam.net866;gg866;2020-01-20;74953223098;60
867;Ivan867;1979-10-09;nas@tam.net867;gg867;2020-10-30;74953223099;59
868;Ivan868;1988-08-24;nas@tam.net868;gg868;2020-10-14;74953223100;20
869;Ivan869;1991-11-08;nas@tam.net869;gg869;2020-03-21;74953223101;68
870;Ivan870;1979-07-12;nas@tam.net870;gg870;2020-07-10;74953223102;51
871;Ivan871;1956-11-17;nas@tam.net871;gg871;2020-02-19;74953223103;14
872;Ivan872;1974-04-05;nas@tam.net872;gg872;2020-08-10;74953223104;20
873;Ivan873;1951-05-11;nas@tam.net873;gg873;2020-04-20;74953223105;34
874;Ivan874;1976-07-19;nas@tam.net874;gg874;2020-12-31;74953223106;56
875;Ivan875;1973-01-01;nas@tam.net875;gg875;2020-11-11;74953223107;25
876;Ivan876;1964-01-10;nas@tam.net876;gg876;2020-09-20;74953223108;95
877;Ivan877;1957-01-22;nas@tam.net877;gg877;2020-03-13;74953223109;3
878;Ivan878;1954-08-18;nas@tam.net878;gg878;2020-05-04;74953223110;48
879;Ivan879;1998-07-24;nas@tam.net879;gg879;2020-01-09;74953223111;66
880;Ivan880;1979-04-02;nas@tam.net880;gg880;2020-05-15;74953223112;83
881;Ivan881;1981-01-16;nas@tam.net881;gg881;2020-12-31;74953223113;95
882;Ivan882;1974-09-25;nas@tam.net882;gg882;2020-11-10;74953223114;19
883;Ivan883;1984-02-19;nas@tam.net883;gg883;2020-04-21;74953223115;6
884;Ivan884;1950-07-24;nas@tam.net884;gg884;2020-11-10;74953223116;79
885;Ivan885;1987-11-16;nas@tam.net885;gg885;2020-08-24;74953223117;73
886;Ivan886;1951-01-25;nas@tam.net886;gg886;2020-12-24;74953223118;81
887;Ivan887;1993-02-23;nas@tam.net887;gg887;2020-03-13;74953223119;73
888;Ivan888;1984-11-21;nas@tam.net888;gg888;2020-04-24;74953223120;20
889;Ivan889;1974-08-23;nas@tam.net889;gg889;2020-06-16;74953223121;57
890;Ivan890;1963-09-21;nas@tam.net890;gg890;2020-03-16;74953223122;5
891;Ivan891;1977-08-19;nas@tam.net891;gg891;2020-12-04;74953223123;71
892;Ivan892;1973-07-12;nas@tam.net892;gg892;2020-06-09;74953223124;39
893;Ivan893;1991-07-22;nas@tam.net893;gg893;2020-05-07;74953223125;53
894;Ivan894;1986-08-17;nas@tam.net894;gg894;2020-07-04;74953223126;1
895;Ivan895;1966-02-05;nas@tam.net895;gg895;2020-10-09;74953223127;30
896;Ivan896;1958-12-14;nas@tam.net896;gg896;2020-03-06;74953223128;94
897;Ivan897;1953-10-05;nas@tam.net897;gg897;2020-10-31;74953223129;1
898;Ivan898;1976-07-18;nas@tam.net898;gg898;2020-10-22;74953223130;77
899;Ivan899;1968-11-17;nas@tam.net899;gg899;2020-03-23;74953223131;96
900;Ivan900;1959-11-28;nas@tam.net900;gg900;2020-03-19;74953223132;82
901;Ivan901;1959-12-30;nas@tam.net901;gg901;2020-03-14;74953223133;27
902;Ivan902;1955-08-02;nas@tam.net902;gg902;2020-06-16;74953223134;77
903;Ivan903;1993-02-18;nas@tam.net903;gg903;2020-02-04;74953223135;21
904;Ivan904;1982-02-04;nas@tam.net904;gg904;2020-11-02;74953223136;13
905;Ivan905;1966-07-23;nas@tam.net905;gg905;2020-03-14;74953223137;99
906;Ivan906;1973-12-26;nas@tam.net906;gg906;2020-01-30;74953223138;48
907;Ivan907;1954-02-07;nas@tam.net907;gg907;2020-06-27;74953223139;80
908;Ivan908;1963-09-06;nas@tam.net908;gg908;2020-10-23;74953223140;60
909;Ivan909;1974-09-23;nas@tam.net909;gg909;2020-05-21;74953223141;18
910;Ivan910;1980-10-30;nas@tam.net910;gg910;2020-10-11;74953223142;14
911;Ivan911;1959-06-14;nas@tam.net911;gg911;2020-11-06;74953223143;80
912;Ivan912;1991-07-25;nas@tam.net912;gg912;2020-02-17;74953223144;87
913;Ivan913;1984-01-27;nas@tam.net913;gg913;2020-05-28;74953223145;49
914;Ivan914;1951-09-02;nas@tam.net914;gg914;2020-11-07;74953223146;32
915;Ivan915;1956-09-16;nas@tam.net915;gg915;2020-09-29;74953223147;11
916;Ivan916;1980-06-13;nas@tam.net916;gg916;2020-02-12;74953223148;56
917;Ivan917;1996-05-20;nas@tam.net917;gg917;2020-09-14;74953223149;45
918;Ivan918;1962-08-13;nas@tam.net918;gg918;2020-06-30;74953223150;55
919;Ivan919;1997-05-13;nas@tam.net919;gg919;2020-03-12;74953223151;70
920;Ivan920;1962-07-15;nas@tam.net920;gg920;2020-02-13;74953223152;6
921;Ivan921;1999-05-07;nas@tam.net921;gg921;2020-01-07;74953223153;25
922;Ivan922;1957-06-29;nas@tam.net922;gg922;2020-08-22;74953223154;71
923;Ivan923;1992-01-17;nas@tam.net923;gg923;2020-06-28;74953223155;58
924;Ivan924;1956-09-20;nas@tam.net924;gg924;2020-01-20;74953223156;66
925;Ivan925;1995-07-19;nas@tam.net925;gg925;2020-04-06;74953223157;18
926;Ivan926;1981-12-22;nas@tam.net926;gg926;2020-03-03;74953223158;95
927;Ivan927;1959-02-08;nas@tam.net927;gg927;2020-03-23;74953223159;23
928;Ivan928;1983-01-01;nas@tam.net928;gg928;2020-05-22;74953223160;33
929;Ivan929;1976-04-03;nas@tam.net929;gg929;2020-08-23;74953223161;98
930;Ivan930;1954-05-11;nas@tam.net930;gg930;2020-07-12;74953223162;53
931;Ivan931;1953-12-17;nas@tam.net931;gg931;2020-06-16;74953223163;73
932;Ivan932;1998-01-03;nas@tam.net932;gg932;2020-07-21;74953223164;18
933;Ivan933;1950-03-15;nas@tam.net933;gg933;2020-01-16;74953223165;27
934;Ivan934;1961-12-23;nas@tam.net934;gg934;2020-12-19;74953223166;97
935;Ivan935;1998-10-03;nas@tam.net935;gg935;2020-08-08;74953223167;70
936;Ivan936;1966-06-29;nas@tam.net936;gg936;2020-12-24;74953223168;6
937;Ivan937;1967-06-03;nas@tam.net937;gg937;2020-12-06;74953223169;21
938;Ivan938;1990-07-07;nas@tam.net938;gg938;2020-04-24;74953223170;90
939;Ivan939;1987-05-30;nas@tam.net939;gg939;2020-08-26;74953223171;9
940;Ivan940;1979-08-21;nas@tam.net940;gg940;2020-03-01;74953223172;56
941;Ivan941;1957-01-28;nas@tam.net941;gg941;2020-08-18;74953223173;74
942;Ivan942;1995-07-12;nas@tam.net942;gg942;2020-10-04;74953223174;64
943;Ivan943;1954-01-31;nas@tam.net943;gg943;2020-12-15;74953223175;37
944;Ivan944;1979-12-03;nas@tam.net944;gg944;2020-04-25;74953223176;26
945;Ivan945;1969-12-04;nas@tam.net945;gg945;2020-01-18;74953223177;14
946;Ivan946;1964-10-30;nas@tam.net946;gg946;2020-11-24;74953223178;21
947;Ivan947;1975-01-26;nas@tam.net947;gg947;2020-01-09;74953223179;34
948;Ivan948;1958-10-11;nas@tam.net948;gg948;2020-10-20;74953223180;90
949;Ivan949;1985-01-22;nas@tam.net949;gg949;2020-06-27;74953223181;60
950;Ivan950;1964-08-27;nas@tam.net950;gg950;2020-12-25;74953223182;67
951;Ivan951;1955-06-24;nas@tam.net951;gg951;2020-02-26;74953223183;5
952;Ivan952;1976-07-12;nas@tam.net952;gg952;2020-01-28;74953223184;0
953;Ivan953;1963-02-18;nas@tam.net953;gg953;2020-07-16;74953223185;7
954;Ivan954;1966-09-07;nas@tam.net954;gg954;2020-05-10;74953223186;78
955;Ivan955;1988-09-04;nas@tam.net955;gg955;2020-11-22;74953223187;4
956;Ivan956;1952-08-01;nas@tam.net956;gg956;2020-09-19;74953223188;20
957;Ivan957;1953-11-20;nas@tam.net957;gg957;2020-07-10;74953223189;49
958;Ivan958;1956-11-26;nas@tam.net958;gg958;2020-05-19;74953223190;41
959;Ivan959;1999-12-07;nas@tam.net959;gg959;2020-06-20;74953223191;35
960;Ivan960;1953-11-21;nas@tam.net960;gg960;2020-12-13;74953223192;23
961;Ivan961;1988-03-24;nas@tam.net961;gg961;2020-05-15;74953223193;53
962;Ivan962;1968-02-01;nas@tam.net962;gg962;2020-08-30;74953223194;78
963;Ivan963;1976-03-27;nas@tam.net963;gg963;2020-08-17;74953223195;48
964;Ivan964;1981-05-30;nas@tam.net964;gg964;2020-01-02;74953223196;96
965;Ivan965;1967-01-11;nas@tam.net965;gg965;2020-09-11;74953223197;3
966;Ivan966;1986-07-08;nas@tam.net966;gg966;2020-08-17;74953223198;42
967;Ivan967;1981-09-22;nas@tam.net967;gg967;2020-08-18;74953223199;12
968;Ivan968;1967-05-10;nas@tam.net968;gg968;2020-03-21;74953223200;89
969;Ivan969;1990-12-04;nas@tam.net969;gg969;2020-02-13;74953223201;77
970;Ivan970;1993-01-06;nas@tam.net970;gg970;2020-04-25;74953223202;69
971;Ivan971;1956-04-01;nas@tam.net971;gg971;2020-02-01;74953223203;1
972;Ivan972;1952-11-14;nas@tam.net972;gg972;2020-09-13;74953223204;29
973;Ivan973;1964-02-17;nas@tam.net973;gg973;2020-11-08;74953223205;76
974;Ivan974;1999-10-16;nas@tam.net974;gg974;2020-05-17;74953223206;47
975;Ivan975;1953-01-02;nas@tam.net975;gg975;2020-02-10;74953223207;55
976;Ivan976;1992-09-28;nas@tam.net976;gg976;2020-04-10;74953223208;13
977;Ivan977;1959-01-16;nas@tam.net977;gg977;2020-02-04;74953223209;91
978;Ivan978;1999-11-11;nas@tam.net978;gg978;2020-02-05;74953223210;39
979;Ivan979;1992-08-20;nas@tam.net979;gg979;2020-08-29;74953223211;96
980;Ivan980;1968-11-13;nas@tam.net980;gg980;2020-08-13;74953223212;90
981;Ivan981;1956-08-22;nas@tam.net981;gg981;2020-01-25;74953223213;21
982;Ivan982;1950-07-05;nas@tam.net982;gg982;2020-09-13;74953223214;61
983;Ivan983;1965-01-27;nas@tam.net983;gg983;2020-01-28;74953223215;90
984;Ivan984;1973-04-27;nas@tam.net984;gg984;2020-12-08;74953223216;95
985;Ivan985;1984-12-30;nas@tam.net985;gg985;2020-10-08;74953223217;2
986;Ivan986;1994-11-29;nas@tam.net986;gg986;2020-11-14;74953223218;31
987;Ivan987;1980-12-18;nas@tam.net987;gg987;2020-06-10;74953223219;11
988;Ivan988;1981-07-03;nas@tam.net988;gg988;2020-03-30;74953223220;28
989;Ivan989;1979-04-29;nas@tam.net989;gg989;2020-09-12;74953223221;25
990;Ivan990;1989-02-03;nas@tam.net990;gg990;2020-02-01;74953223222;62
991;Ivan991;1952-11-21;nas@tam.net991;gg991;2020-05-20;74953223223;86
992;Ivan992;1992-02-01;nas@tam.net992;gg992;2020-07-12;74953223224;95
993;Ivan993;1954-04-20;nas@tam.net993;gg993;2020-09-08;74953223225;76
994;Ivan994;1989-05-20;nas@tam.net994;gg994;2020-05-26;74953223226;82
995;Ivan995;1980-11-14;nas@tam.net995;gg995;2020-02-21;74953223227;78
996;Ivan996;1986-10-21;nas@tam.net996;gg996;2020-10-03;74953223228;97
997;Ivan997;1951-03-25;nas@tam.net997;gg997;2020-12-16;74953223229;10
998;Ivan998;1975-06-17;nas@tam.net998;gg998;2020-12-06;74953223230;2
999;Ivan999;1980-07-04;nas@tam.net999;gg999;2020-04-10;74953223231;9
1000;Ivan1000;1968-05-08;nas@tam.net1000;gg1000;2020-01-14;74953223232;36