id;art;name;category;weight;date;price
1;100001;product 1;cat 1;2217;2017-08-25;40890
2;100002;product 2;cat 1;1478;2018-10-13;12868
3;100003;product 3;cat 1;4067;2017-09-19;83130
4;100004;product 4;cat 1;891;2018-03-24;29065
5;100005;product 5;cat 1;3461;2017-11-02;55762
6;100006;product 6;cat 5;3013;2017-10-22;3517
7;100007;product 7;cat 1;3133;2018-01-12;48307
8;100008;product 8;cat 1;4079;2018-07-20;10489
9;100009;product 9;cat 1;223;2018-10-11;14850
10;100010;product 10;cat 1;1472;2018-08-09;53288
11;100011;product 11;cat 1;1545;2018-06-12;35615
12;100012;product 12;cat 1;3504;2017-06-26;48884
13;100013;product 13;cat 2;2490;2017-05-24;50650
14;100014;product 14;cat 3;2102;2018-11-22;51137
15;100015;product 15;cat 4;3358;2018-12-12;12356
16;100016;product 16;cat 5;3230;2018-10-15;13848
17;100017;product 17;cat 6;486;2018-12-04;9315
18;100018;product 18;cat 7;4042;2017-08-15;58536
19;100019;product 19;cat 8;2818;2017-06-01;56768
20;100020;product 20;cat 9;3101;2017-02-19;22987
21;100021;product 21;cat 10;923;2018-06-12;50075
22;100022;product 22;cat 11;100;2017-09-25;61492
23;100023;product 23;cat 3;2790;2018-09-03;45941
24;100024;product 24;cat 3;923;2017-02-23;45488
25;100025;product 25;cat 14;4188;2018-09-25;26131
26;100026;product 26;cat 15;2744;2018-01-15;62478
27;100027;product 27;cat 16;1742;2018-06-23;39292
28;100028;product 28;cat 17;1384;2017-02-17;40104
29;100029;product 29;cat 18;2578;2017-05-11;2206
30;100030;product 30;cat 19;799;2017-08-04;69769
31;100031;product 31;cat 20;512;2017-09-02;79784
32;100032;product 32;cat 21;2660;2018-12-29;52813
33;100033;product 33;cat 22;940;2018-04-01;22741
34;100034;product 34;cat 23;4006;2017-03-12;52340
35;100035;product 35;cat 24;2581;2017-01-17;1057
36;100036;product 36;cat 25;2927;2018-12-10;62869
37;100037;product 37;cat 26;246;2017-02-25;27696
38;100038;product 38;cat 27;2056;2018-12-13;89570
39;100039;product 39;cat 28;2459;2017-01-28;15703
40;100040;product 40;cat 29;3021;2017-11-29;13802
41;100041;product 41;cat 30;3418;2018-01-09;6014
42;100042;product 42;cat 31;4204;2018-02-21;57104
43;100043;product 43;cat 32;318;2018-08-16;60644
44;100044;product 44;cat 33;2091;2018-04-25;47436
45;100045;product 45;cat 34;4922;2017-03-30;46786
46;100046;product 46;cat 35;4351;2018-04-16;46491
47;100047;product 47;cat 36;734;2017-07-17;8441
48;100048;product 48;cat 37;4359;2017-01-31;80265
49;100049;product 49;cat 38;2763;2018-05-11;33361
50;100050;product 50;cat 39;4288;2018-07-13;85890
51;100051;product 51;cat 40;808;2018-06-24;745
52;100052;product 52;cat 41;1577;2017-01-11;1054
53;100053;product 53;cat 42;4057;2018-04-25;66276
54;100054;product 54;cat 43;1054;2018-10-18;22147
55;100055;product 55;cat 44;814;2018-07-03;48080
56;100056;product 56;cat 45;1685;2018-12-14;6014
57;100057;product 57;cat 46;4605;2017-01-02;72577
58;100058;product 58;cat 47;907;2018-06-27;73060
59;100059;product 59;cat 48;2678;2017-08-11;27411
60;100060;product 60;cat 49;3033;2017-03-08;52146
61;100061;product 61;cat 50;1228;2017-04-25;51119
62;100062;product 62;cat 51;4585;2017-01-18;53785
63;100063;product 63;cat 52;213;2018-01-23;55836
64;100064;product 64;cat 53;3373;2018-04-12;57653
65;100065;product 65;cat 54;4403;2018-05-22;86056
66;100066;product 66;cat 55;3071;2017-04-06;27295
67;100067;product 67;cat 56;1828;2017-06-18;14105
68;100068;product 68;cat 57;3344;2018-12-14;24852
69;100069;product 69;cat 58;1292;2018-10-17;40917
70;100070;product 70;cat 59;2021;2018-05-11;69720
71;100071;product 71;cat 60;2139;2018-11-24;54352
72;100072;product 72;cat 61;1505;2017-02-13;89446
73;100073;product 73;cat 62;4154;2018-01-18;80453
74;100074;product 74;cat 63;151;2018-09-25;28118
75;100075;product 75;cat 64;3762;2018-04-12;18306
76;100076;product 76;cat 65;3877;2017-01-11;26071
77;100077;product 77;cat 66;3484;2018-07-28;64245
78;100078;product 78;cat 67;4627;2017-03-31;71997
79;100079;product 79;cat 68;4752;2018-10-11;43496
80;100080;product 80;cat 69;1058;2017-06-23;26998
81;100081;product 81;cat 70;2692;2018-06-14;31141
82;100082;product 82;cat 71;1657;2018-10-16;45991
83;100083;product 83;cat 72;4025;2017-10-01;31476
84;100084;product 84;cat 73;1097;2018-07-18;53647
85;100085;product 85;cat 74;3268;2018-11-28;6287
86;100086;product 86;cat 75;428;2018-09-30;67949
87;100087;product 87;cat 76;2067;2017-04-12;81133
88;100088;product 88;cat 77;4177;2018-07-07;20473
89;100089;product 89;cat 78;4998;2017-03-22;7809
90;100090;product 90;cat 79;1534;2018-04-21;3719
91;100091;product 91;cat 80;2435;2017-04-30;66379
92;100092;product 92;cat 81;1204;2018-05-27;69573
93;100093;product 93;cat 82;2407;2017-06-17;64884
94;100094;product 94;cat 83;2907;2017-01-05;65490
95;100095;product 95;cat 84;432;2018-07-31;37808
96;100096;product 96;cat 85;1652;2017-12-18;14303
97;100097;product 97;cat 86;165;2018-04-01;28090
98;100098;product 98;cat 87;1031;2017-03-04;29748
99;100099;product 99;cat 88;2627;2017-01-09;45728
100;100100;product 100;cat 89;4301;2018-04-06;24694
101;100101;product 101;cat 90;4954;2018-04-15;80315
102;100102;product 102;cat 91;2867;2018-10-10;32126
103;100103;product 103;cat 92;4757;2018-03-13;837
104;100104;product 104;cat 93;2681;2018-11-23;77596
105;100105;product 105;cat 94;2816;2018-01-23;4041
106;100106;product 106;cat 95;4365;2017-01-21;73523
107;100107;product 107;cat 96;2936;2018-04-29;82203
108;100108;product 108;cat 97;1714;2017-02-22;14253
109;100109;product 109;cat 98;4333;2018-06-15;69014
110;100110;product 110;cat 99;1908;2017-06-05;5449
111;100111;product 111;cat 100;106;2018-05-21;57082
112;100112;product 112;cat 101;2379;2018-12-02;41194
113;100113;product 113;cat 102;1349;2018-04-29;39165
114;100114;product 114;cat 103;4301;2018-04-12;48160
115;100115;product 115;cat 104;152;2018-02-07;87506
116;100116;product 116;cat 105;1471;2017-08-09;4391
117;100117;product 117;cat 106;204;2017-04-14;8987
118;100118;product 118;cat 107;284;2018-11-22;11475
119;100119;product 119;cat 108;4881;2018-12-22;63081
120;100120;product 120;cat 109;2045;2017-03-27;83026
121;100121;product 121;cat 110;3254;2018-05-03;66400
122;100122;product 122;cat 111;4405;2017-01-18;7211
123;100123;product 123;cat 112;3174;2017-10-23;36121
124;100124;product 124;cat 113;1031;2018-10-06;57790
125;100125;product 125;cat 114;1584;2017-03-30;22108
126;100126;product 126;cat 115;4397;2017-01-05;3369
127;100127;product 127;cat 116;2285;2018-03-14;47360
128;100128;product 128;cat 117;4588;2018-02-03;6942
129;100129;product 129;cat 118;1918;2018-05-22;83596
130;100130;product 130;cat 119;2477;2017-02-21;18866
131;100131;product 131;cat 120;4836;2017-11-19;16385
132;100132;product 132;cat 121;229;2018-03-26;7246
133;100133;product 133;cat 122;1786;2017-10-28;36536
134;100134;product 134;cat 123;2564;2018-05-02;84204
135;100135;product 135;cat 124;3742;2018-12-09;87553
136;100136;product 136;cat 125;3795;2017-03-09;77932
137;100137;product 137;cat 126;237;2018-10-29;12542
138;100138;product 138;cat 127;3146;2018-08-09;60005
139;100139;product 139;cat 128;2594;2018-02-19;7708
140;100140;product 140;cat 129;2319;2018-05-08;68758
141;100141;product 141;cat 130;1345;2017-03-07;13441
142;100142;product 142;cat 131;756;2018-11-18;75431
143;100143;product 143;cat 132;4792;2018-01-07;46533
144;100144;product 144;cat 133;2344;2018-09-14;75916
145;100145;product 145;cat 134;4222;2018-11-06;14784
146;100146;product 146;cat 135;4117;2017-04-15;1404
147;100147;product 147;cat 136;730;2018-03-06;29458
148;100148;product 148;cat 137;1999;2018-01-17;80239
149;100149;product 149;cat 138;3000;2017-12-23;7011
150;100150;product 150;cat 139;1413;2017-08-12;3595
151;100151;product 151;cat 140;1010;2018-08-27;35847
152;100152;product 152;cat 141;827;2017-10-23;70118
153;100153;product 153;cat 142;1049;2017-04-17;57297
154;100154;product 154;cat 143;2616;2018-10-11;79101
155;100155;product 155;cat 144;3898;2018-03-28;65948
156;100156;product 156;cat 145;322;2017-05-08;16222
157;100157;product 157;cat 146;3391;2017-10-26;28625
158;100158;product 158;cat 147;3344;2017-06-23;86233
159;100159;product 159;cat 148;2568;2018-04-10;2066
160;100160;product 160;cat 149;326;2017-06-21;65097
161;100161;product 161;cat 150;2885;2017-09-16;75682
162;100162;product 162;cat 151;1677;2017-04-22;34341
163;100163;product 163;cat 152;4445;2017-12-13;55914
164;100164;product 164;cat 153;3141;2018-08-11;11827
165;100165;product 165;cat 154;2019;2018-08-31;25830
166;100166;product 166;cat 155;4341;2018-10-07;20434
167;100167;product 167;cat 156;2146;2017-01-20;61713
168;100168;product 168;cat 157;2133;2017-11-16;32659
169;100169;product 169;cat 158;2783;2018-11-16;81385
170;100170;product 170;cat 159;2986;2017-05-21;75816
171;100171;product 171;cat 160;162;2017-05-05;37676
172;100172;product 172;cat 161;2055;2018-07-05;42947
173;100173;product 173;cat 162;989;2017-08-21;58624
174;100174;product 174;cat 163;2536;2018-10-17;63353
175;100175;product 175;cat 164;3475;2018-09-08;43854
176;100176;product 176;cat 165;1198;2017-08-05;19945
177;100177;product 177;cat 166;2061;2018-06-22;65819
178;100178;product 178;cat 167;4082;2018-09-15;66953
179;100179;product 179;cat 168;864;2017-06-15;85356
180;100180;product 180;cat 169;324;2017-05-02;42420
181;100181;product 181;cat 170;2262;2017-02-05;15839
182;100182;product 182;cat 171;1041;2018-03-19;46661
183;100183;product 183;cat 172;4968;2018-12-18;22489
184;100184;product 184;cat 173;1824;2018-05-23;87946
185;100185;product 185;cat 174;2044;2017-06-04;33172
186;100186;product 186;cat 175;4591;2018-10-24;69677
187;100187;product 187;cat 176;4633;2018-12-18;25235
188;100188;product 188;cat 177;4672;2017-07-16;41028
189;100189;product 189;cat 178;1600;2017-04-26;17935
190;100190;product 190;cat 179;2302;2017-07-01;61173
191;100191;product 191;cat 180;4576;2017-06-17;71562
192;100192;product 192;cat 181;2985;2018-06-25;85707
193;100193;product 193;cat 182;3393;2017-03-21;58741
194;100194;product 194;cat 183;3675;2017-10-29;48752
195;100195;product 195;cat 184;645;2018-11-29;24224
196;100196;product 196;cat 185;2344;2017-11-01;26270
197;100197;product 197;cat 186;1600;2018-08-11;58293
198;100198;product 198;cat 187;1110;2017-01-04;54329
199;100199;product 199;cat 188;840;2017-09-20;42581
200;100200;product 200;cat 189;4621;2018-09-02;15734
201;100201;product 201;cat 190;2351;2018-04-10;27429
202;100202;product 202;cat 191;1961;2018-09-13;24434
203;100203;product 203;cat 192;4872;2017-10-06;46866
204;100204;product 204;cat 193;1815;2017-10-30;72079
205;100205;product 205;cat 194;3353;2017-09-02;14157
206;100206;product 206;cat 195;1519;2018-09-09;17268
207;100207;product 207;cat 196;395;2017-03-05;75495
208;100208;product 208;cat 197;4407;2018-01-10;81278
209;100209;product 209;cat 198;1414;2017-04-05;7505
210;100210;product 210;cat 199;4288;2017-09-04;5855
211;100211;product 211;cat 200;4559;2018-09-21;39414
212;100212;product 212;cat 201;4640;2018-02-27;38815
213;100213;product 213;cat 202;3335;2017-03-22;1737
214;100214;product 214;cat 203;3482;2018-02-21;41640
215;100215;product 215;cat 204;4648;2017-04-05;49687
216;100216;product 216;cat 205;1968;2017-02-17;1884
217;100217;product 217;cat 206;3519;2018-10-12;24597
218;100218;product 218;cat 207;3687;2018-01-13;85209
219;100219;product 219;cat 208;452;2018-02-12;15039
220;100220;product 220;cat 209;4645;2018-12-27;88050
221;100221;product 221;cat 210;3318;2018-12-12;73835
222;100222;product 222;cat 211;4945;2017-01-15;84260
223;100223;product 223;cat 212;3108;2017-10-18;15733
224;100224;product 224;cat 213;2149;2017-01-27;47302
225;100225;product 225;cat 214;1901;2017-11-13;47662
226;100226;product 226;cat 215;1563;2017-11-13;80548
227;100227;product 227;cat 216;1723;2018-08-14;15688
228;100228;product 228;cat 217;3474;2018-06-20;6755
229;100229;product 229;cat 218;1635;2018-03-19;41118
230;100230;product 230;cat 219;1324;2017-01-17;1432
231;100231;product 231;cat 220;3143;2017-04-09;64698
232;100232;product 232;cat 221;4163;2017-05-20;66924
233;100233;product 233;cat 222;639;2017-02-19;37695
234;100234;product 234;cat 223;4385;2018-05-05;48328
235;100235;product 235;cat 224;3889;2017-04-30;68323
236;100236;product 236;cat 225;1870;2017-02-18;88651
237;100237;product 237;cat 226;1516;2018-03-26;45854
238;100238;product 238;cat 227;3968;2017-04-09;12337
239;100239;product 239;cat 228;1840;2018-06-05;28518
240;100240;product 240;cat 229;920;2017-12-22;73440
241;100241;product 241;cat 230;197;2017-09-27;34407
242;100242;product 242;cat 231;1437;2018-12-11;62595
243;100243;product 243;cat 232;2942;2018-10-30;30568
244;100244;product 244;cat 233;4395;2018-03-07;74969
245;100245;product 245;cat 234;311;2017-05-07;32953
246;100246;product 246;cat 235;1372;2017-10-07;24941
247;100247;product 247;cat 236;125;2018-10-01;35144
248;100248;product 248;cat 237;1182;2018-07-06;71422
249;100249;product 249;cat 238;4893;2018-04-19;74558
250;100250;product 250;cat 239;1136;2018-03-19;26178
251;100251;product 251;cat 240;4483;2018-07-12;32629
252;100252;product 252;cat 241;2905;2018-12-24;62337
253;100253;product 253;cat 242;626;2018-04-16;61919
254;100254;product 254;cat 243;4316;2018-08-10;657
255;100255;product 255;cat 244;3293;2018-07-13;58536
256;100256;product 256;cat 245;2551;2018-03-16;43921
257;100257;product 257;cat 246;2205;2017-06-30;37984
258;100258;product 258;cat 247;3532;2017-11-01;47495
259;100259;product 259;cat 248;3620;2018-01-11;14978
260;100260;product 260;cat 249;217;2017-03-11;62067
261;100261;product 261;cat 250;4842;2017-06-10;43457
262;100262;product 262;cat 251;2841;2017-05-09;81961
263;100263;product 263;cat 252;2279;2018-12-19;63966
264;100264;product 264;cat 253;1608;2018-06-05;9052
265;100265;product 265;cat 254;1082;2017-01-22;1006
266;100266;product 266;cat 255;3377;2018-06-20;64748
267;100267;product 267;cat 256;2563;2018-06-24;1156
268;100268;product 268;cat 257;4729;2017-10-31;73833
269;100269;product 269;cat 258;2247;2017-08-05;23697
270;100270;product 270;cat 259;1912;2017-07-16;35431
271;100271;product 271;cat 260;3796;2018-06-30;59137
272;100272;product 272;cat 261;3453;2017-09-19;84489
273;100273;product 273;cat 262;4371;2018-04-14;4122
274;100274;product 274;cat 263;1196;2018-01-23;17656
275;100275;product 275;cat 264;778;2017-09-20;83349
276;100276;product 276;cat 265;1582;2018-04-24;64301
277;100277;product 277;cat 266;1630;2018-05-11;6496
278;100278;product 278;cat 267;245;2017-12-23;65495
279;100279;product 279;cat 268;3595;2017-05-20;68416
280;100280;product 280;cat 269;3005;2018-03-10;31412
281;100281;product 281;cat 270;3568;2018-03-15;8687
282;100282;product 282;cat 271;2102;2017-07-08;80076
283;100283;product 283;cat 272;4653;2018-07-14;43372
284;100284;product 284;cat 273;1257;2018-04-26;11179
285;100285;product 285;cat 274;4803;2017-12-13;81356
286;100286;product 286;cat 275;1422;2018-06-26;73939
287;100287;product 287;cat 276;4646;2018-02-25;7236
288;100288;product 288;cat 277;3135;2017-12-21;38838
289;100289;product 289;cat 278;3104;2018-07-19;58902
290;100290;product 290;cat 279;2978;2018-01-03;22684
291;100291;product 291;cat 280;4327;2018-12-08;24205
292;100292;product 292;cat 281;3079;2018-04-10;72048
293;100293;product 293;cat 282;685;2018-09-25;27670
294;100294;product 294;cat 283;583;2018-05-31;1204
295;100295;product 295;cat 284;2495;2018-07-30;525
296;100296;product 296;cat 285;2800;2017-02-12;9908
297;100297;product 297;cat 286;943;2018-03-31;3903
298;100298;product 298;cat 287;4022;2017-09-08;18441
299;100299;product 299;cat 288;2007;2018-07-25;22310
300;100300;product 300;cat 289;2760;2017-09-08;3262
301;100301;product 301;cat 290;4807;2018-01-31;11644
302;100302;product 302;cat 291;2168;2017-02-22;89687
303;100303;product 303;cat 292;2610;2018-05-21;418
304;100304;product 304;cat 293;1713;2017-08-13;9371
305;100305;product 305;cat 294;2539;2018-04-23;69525
306;100306;product 306;cat 295;1421;2018-05-06;8001
307;100307;product 307;cat 296;3295;2018-12-16;62818
308;100308;product 308;cat 297;1671;2018-05-30;14655
309;100309;product 309;cat 298;1259;2017-11-26;7010
310;100310;product 310;cat 299;1793;2018-10-16;87048
311;100311;product 311;cat 300;4284;2018-11-22;68466
312;100312;product 312;cat 301;884;2017-10-16;67472
313;100313;product 313;cat 302;1621;2018-05-16;7669
314;100314;product 314;cat 303;565;2018-07-28;13372
315;100315;product 315;cat 304;3765;2018-10-15;61532
316;100316;product 316;cat 305;136;2017-02-19;38357
317;100317;product 317;cat 306;4626;2017-08-14;21815
318;100318;product 318;cat 307;425;2017-05-27;74805
319;100319;product 319;cat 308;3077;2017-05-05;41643
320;100320;product 320;cat 309;4689;2017-03-23;63250
321;100321;product 321;cat 310;4780;2017-09-23;9170
322;100322;product 322;cat 311;1332;2017-03-15;60414
323;100323;product 323;cat 312;2490;2018-11-30;63870
324;100324;product 324;cat 313;4682;2017-07-24;56297
325;100325;product 325;cat 314;2254;2017-09-14;29731
326;100326;product 326;cat 315;3956;2017-05-23;5094
327;100327;product 327;cat 316;3778;2017-06-17;24730
328;100328;product 328;cat 317;4531;2018-09-24;88722
329;100329;product 329;cat 318;3847;2017-02-13;56517
330;100330;product 330;cat 319;2752;2017-01-15;54281
331;100331;product 331;cat 320;1110;2018-08-01;22637
332;100332;product 332;cat 321;1512;2018-08-30;41725
333;100333;product 333;cat 322;657;2017-02-14;10487
334;100334;product 334;cat 323;3260;2017-03-05;27777
335;100335;product 335;cat 324;282;2018-11-22;68425
336;100336;product 336;cat 325;783;2018-08-06;61727
337;100337;product 337;cat 326;552;2018-09-02;71663
338;100338;product 338;cat 327;3777;2017-04-29;56277
339;100339;product 339;cat 328;1415;2017-04-07;56876
340;100340;product 340;cat 329;3748;2017-10-23;12109
341;100341;product 341;cat 330;2875;2018-04-02;16586
342;100342;product 342;cat 331;4236;2017-07-15;18478
343;100343;product 343;cat 332;3560;2017-06-04;81031
344;100344;product 344;cat 333;4497;2018-11-15;82396
345;100345;product 345;cat 334;284;2017-05-11;11045
346;100346;product 346;cat 335;2166;2017-03-15;35990
347;100347;product 347;cat 336;4704;2018-02-06;60186
348;100348;product 348;cat 337;3147;2017-08-17;43914
349;100349;product 349;cat 338;607;2018-04-04;33847
350;100350;product 350;cat 339;2958;2017-12-11;52406
351;100351;product 351;cat 340;3856;2017-02-06;75870
352;100352;product 352;cat 341;4791;2018-09-07;88967
353;100353;product 353;cat 342;3379;2017-08-21;9352
354;100354;product 354;cat 343;3064;2017-02-07;43134
355;100355;product 355;cat 344;1429;2017-06-24;14670
356;100356;product 356;cat 345;3403;2017-12-06;79734
357;100357;product 357;cat 346;370;2018-05-12;63484
358;100358;product 358;cat 347;213;2017-05-06;64481
359;100359;product 359;cat 348;146;2018-12-27;89304
360;100360;product 360;cat 349;4608;2017-11-07;22506
361;100361;product 361;cat 350;4283;2018-08-19;54174
362;100362;product 362;cat 351;3462;2018-01-29;20489
363;100363;product 363;cat 352;4104;2017-06-20;18953
364;100364;product 364;cat 353;3400;2017-06-30;8825
365;100365;product 365;cat 354;4011;2018-04-13;63282
366;100366;product 366;cat 355;3347;2017-12-07;34000
367;100367;product 367;cat 356;513;2017-09-04;20688
368;100368;product 368;cat 357;2728;2018-11-23;28326
369;100369;product 369;cat 358;3308;2018-12-16;383
370;100370;product 370;cat 359;2232;2017-07-16;62094
371;100371;product 371;cat 360;3386;2017-12-12;60653
372;100372;product 372;cat 361;1688;2018-07-19;46986
373;100373;product 373;cat 362;3160;2017-06-07;47865
374;100374;product 374;cat 363;4041;2017-02-16;70170
375;100375;product 375;cat 364;365;2017-03-07;3486
376;100376;product 376;cat 365;603;2018-10-25;78024
377;100377;product 377;cat 366;3784;2018-04-01;6925
378;100378;product 378;cat 367;2777;2017-12-13;87056
379;100379;product 379;cat 368;4346;2017-11-24;70741
380;100380;product 380;cat 369;3970;2017-11-15;84623
381;100381;product 381;cat 370;1103;2018-06-17;50272
382;100382;product 382;cat 371;2697;2018-03-21;17008
383;100383;product 383;cat 372;2616;2018-12-11;82331
384;100384;product 384;cat 373;2038;2018-11-07;25070
385;100385;product 385;cat 374;310;2018-12-06;59101
386;100386;product 386;cat 375;1165;2018-03-03;62355
387;100387;product 387;cat 376;4310;2017-06-21;87742
388;100388;product 388;cat 377;2966;2017-05-02;44016
389;100389;product 389;cat 378;3323;2017-12-31;58410
390;100390;product 390;cat 379;1282;2017-08-25;20083
391;100391;product 391;cat 380;4678;2017-06-08;67069
392;100392;product 392;cat 381;4784;2018-09-15;3909
393;100393;product 393;cat 382;3222;2018-12-25;29891
394;100394;product 394;cat 383;2792;2017-11-06;55454
395;100395;product 395;cat 384;4195;2018-06-15;80033
396;100396;product 396;cat 385;4867;2018-11-28;49899
397;100397;product 397;cat 386;1881;2018-07-03;7451
398;100398;product 398;cat 387;3139;2018-08-06;53748
399;100399;product 399;cat 388;4052;2018-07-19;70029
400;100400;product 400;cat 389;1397;2018-10-24;59590
401;100401;product 401;cat 390;2178;2018-05-31;77866
402;100402;product 402;cat 391;2196;2017-07-10;54798
403;100403;product 403;cat 392;681;2017-08-24;82275
404;100404;product 404;cat 393;2546;2017-08-09;33257
405;100405;product 405;cat 394;1066;2017-11-17;17849
406;100406;product 406;cat 395;4832;2018-08-30;80942
407;100407;product 407;cat 396;4512;2018-03-03;74825
408;100408;product 408;cat 397;2801;2018-03-03;4046
409;100409;product 409;cat 398;2507;2017-12-22;2913
410;100410;product 410;cat 399;4834;2018-08-16;2443
411;100411;product 411;cat 400;913;2018-12-11;17573
412;100412;product 412;cat 401;1148;2017-02-14;41132
413;100413;product 413;cat 402;3565;2017-01-20;4936
414;100414;product 414;cat 403;680;2018-06-07;47451
415;100415;product 415;cat 404;1511;2017-07-25;72742
416;100416;product 416;cat 405;4520;2017-05-12;26133
417;100417;product 417;cat 406;1315;2017-05-17;89448
418;100418;product 418;cat 407;1532;2018-03-10;19883
419;100419;product 419;cat 408;3376;2017-02-23;81925
420;100420;product 420;cat 409;2551;2017-08-16;43635
421;100421;product 421;cat 410;4066;2017-08-21;15962
422;100422;product 422;cat 411;1035;2018-10-03;66619
423;100423;product 423;cat 412;3965;2018-05-14;66634
424;100424;product 424;cat 413;2098;2018-08-23;68598
425;100425;product 425;cat 414;3897;2018-03-28;27085
426;100426;product 426;cat 415;3844;2018-04-23;80613
427;100427;product 427;cat 416;3598;2017-08-28;47028
428;100428;product 428;cat 417;4021;2018-12-30;35434
429;100429;product 429;cat 418;2485;2018-06-24;37675
430;100430;product 430;cat 419;3728;2017-12-01;83573
431;100431;product 431;cat 420;2746;2017-04-03;19509
432;100432;product 432;cat 421;3680;2017-07-23;77697
433;100433;product 433;cat 422;133;2017-11-29;81447
434;100434;product 434;cat 423;2198;2017-06-13;76650
435;100435;product 435;cat 424;3434;2017-02-06;43327
436;100436;product 436;cat 425;3420;2017-09-10;2375
437;100437;product 437;cat 426;4314;2018-12-28;75727
438;100438;product 438;cat 427;1477;2018-11-07;86060
439;100439;product 439;cat 428;2629;2017-11-23;68402
440;100440;product 440;cat 429;3418;2018-05-02;6840
441;100441;product 441;cat 430;3387;2017-08-08;81070
442;100442;product 442;cat 431;4084;2017-08-15;3642
443;100443;product 443;cat 432;4394;2017-11-04;10056
444;100444;product 444;cat 433;733;2018-10-27;80855
445;100445;product 445;cat 434;303;2017-07-29;40971
446;100446;product 446;cat 435;1095;2017-01-31;54456
447;100447;product 447;cat 436;1603;2017-04-07;43397
448;100448;product 448;cat 437;1348;2018-04-20;22254
449;100449;product 449;cat 438;3505;2017-03-17;64454
450;100450;product 450;cat 439;706;2018-10-05;34062
451;100451;product 451;cat 440;869;2017-09-25;26556
452;100452;product 452;cat 441;325;2017-12-09;86340
453;100453;product 453;cat 442;2662;2018-08-05;77337
454;100454;product 454;cat 443;2923;2018-04-30;24061
455;100455;product 455;cat 444;3104;2018-07-26;86984
456;100456;product 456;cat 445;3121;2017-02-10;79061
457;100457;product 457;cat 446;2160;2017-06-15;61847
458;100458;product 458;cat 447;4244;2017-10-22;48175
459;100459;product 459;cat 448;129;2018-04-03;4363
460;100460;product 460;cat 449;4583;2017-09-13;11694
461;100461;product 461;cat 450;1438;2017-10-05;52068
462;100462;product 462;cat 451;4333;2017-06-21;81659
463;100463;product 463;cat 452;3058;2017-12-19;33523
464;100464;product 464;cat 453;4192;2017-12-11;81403
465;100465;product 465;cat 454;1393;2017-08-07;89234
466;100466;product 466;cat 455;706;2018-11-03;30380
467;100467;product 467;cat 456;532;2018-01-02;68232
468;100468;product 468;cat 457;487;2018-12-03;15391
469;100469;product 469;cat 458;1432;2018-02-03;88440
470;100470;product 470;cat 459;3020;2018-04-16;51097
471;100471;product 471;cat 460;3225;2018-03-20;73157
472;100472;product 472;cat 461;3503;2017-09-18;62730
473;100473;product 473;cat 462;2585;2018-12-20;42861
474;100474;product 474;cat 463;4824;2017-09-13;57686
475;100475;product 475;cat 464;263;2017-05-30;62906
476;100476;product 476;cat 465;1765;2018-04-08;53378
477;100477;product 477;cat 466;4190;2017-11-10;25194
478;100478;product 478;cat 467;3537;2017-12-07;44895
479;100479;product 479;cat 468;3954;2017-06-06;2316
480;100480;product 480;cat 469;1750;2017-09-27;281
481;100481;product 481;cat 470;3836;2018-02-22;5973
482;100482;product 482;cat 471;3454;2017-09-06;22297
483;100483;product 483;cat 472;4479;2018-10-21;48809
484;100484;product 484;cat 473;1661;2018-04-19;17326
485;100485;product 485;cat 474;1518;2017-11-29;19977
486;100486;product 486;cat 475;1251;2017-03-07;44008
487;100487;product 487;cat 476;2346;2018-05-09;12662
488;100488;product 488;cat 477;1166;2018-04-30;62067
489;100489;product 489;cat 478;1800;2017-11-07;47483
490;100490;product 490;cat 479;1421;2018-03-08;10627
491;100491;product 491;cat 480;375;2017-05-25;24028
492;100492;product 492;cat 481;2028;2018-07-11;41659
493;100493;product 493;cat 482;809;2018-12-27;5711
494;100494;product 494;cat 483;390;2018-04-27;63100
495;100495;product 495;cat 484;3670;2018-07-20;64585
496;100496;product 496;cat 485;4695;2018-08-17;70035
497;100497;product 497;cat 486;1222;2017-08-24;51083
498;100498;product 498;cat 487;1942;2018-04-29;11419
499;100499;product 499;cat 488;3032;2018-10-31;77110
500;100500;product 500;cat 489;3417;2017-01-25;50505
501;100501;product 501;cat 490;4006;2017-05-26;45245
502;100502;product 502;cat 491;439;2018-05-27;75941
503;100503;product 503;cat 492;3122;2017-01-01;11408
504;100504;product 504;cat 493;1666;2018-03-07;61134
505;100505;product 505;cat 494;1212;2018-07-20;31810
506;100506;product 506;cat 495;1474;2018-10-15;30646
507;100507;product 507;cat 496;4159;2017-10-24;6446
508;100508;product 508;cat 497;4739;2017-01-24;4569
509;100509;product 509;cat 498;2836;2017-09-08;17098
510;100510;product 510;cat 499;4030;2018-08-15;35209
511;100511;product 511;cat 500;1330;2018-08-30;87707
512;100512;product 512;cat 501;3426;2017-11-26;49295
513;100513;product 513;cat 502;3033;2017-09-29;1109
514;100514;product 514;cat 503;4971;2018-08-15;41796
515;100515;product 515;cat 504;4384;2017-06-03;69044
516;100516;product 516;cat 505;932;2018-03-18;75406
517;100517;product 517;cat 506;1048;2017-05-12;44455
518;100518;product 518;cat 507;2848;2017-04-10;12756
519;100519;product 519;cat 508;211;2017-10-17;54853
520;100520;product 520;cat 509;2920;2018-06-08;59379
521;100521;product 521;cat 510;2601;2018-03-27;37270
522;100522;product 522;cat 511;241;2017-10-14;14424
523;100523;product 523;cat 512;830;2018-04-21;53735
524;100524;product 524;cat 513;3927;2018-12-02;11582
525;100525;product 525;cat 514;1263;2017-04-13;84271
526;100526;product 526;cat 515;3595;2018-07-31;8420
527;100527;product 527;cat 516;4204;2018-07-21;89477
528;100528;product 528;cat 517;1626;2018-12-13;51831
529;100529;product 529;cat 518;451;2017-04-07;29393
530;100530;product 530;cat 519;503;2017-06-09;32517
531;100531;product 531;cat 520;2822;2017-11-15;87518
532;100532;product 532;cat 521;4052;2018-02-17;44532
533;100533;product 533;cat 522;487;2018-03-01;79758
534;100534;product 534;cat 523;4911;2017-09-24;17756
535;100535;product 535;cat 524;956;2018-05-09;54882
536;100536;product 536;cat 525;3633;2017-10-24;36714
537;100537;product 537;cat 526;4140;2018-04-04;69731
538;100538;product 538;cat 527;1808;2017-03-27;35373
539;100539;product 539;cat 528;2779;2018-10-11;35559
540;100540;product 540;cat 529;3721;2017-09-03;9654
541;100541;product 541;cat 530;980;2017-06-24;47652
542;100542;product 542;cat 531;3821;2017-02-23;80594
543;100543;product 543;cat 532;1412;2017-04-29;78522
544;100544;product 544;cat 533;2725;2018-04-02;63914
545;100545;product 545;cat 534;4826;2017-02-20;9144
546;100546;product 546;cat 535;3070;2017-07-13;75324
547;100547;product 547;cat 536;3371;2018-09-25;19300
548;100548;product 548;cat 537;1319;2017-06-19;2492
549;100549;product 549;cat 538;393;2017-04-15;18674
550;100550;product 550;cat 539;2357;2018-07-26;20015
551;100551;product 551;cat 540;3375;2018-11-06;54943
552;100552;product 552;cat 541;190;2017-09-02;85561
553;100553;product 553;cat 542;4757;2017-06-28;76641
554;100554;product 554;cat 543;990;2017-02-24;70300
555;100555;product 555;cat 544;4495;2017-02-27;47099
556;100556;product 556;cat 545;2291;2018-06-02;29221
557;100557;product 557;cat 546;1302;2017-07-05;59092
558;100558;product 558;cat 547;1981;2018-07-21;45611
559;100559;product 559;cat 548;1250;2018-12-27;78380
560;100560;product 560;cat 549;2457;2017-06-15;31113
561;100561;product 561;cat 550;303;2017-03-31;3779
562;100562;product 562;cat 551;1632;2017-02-16;85585
563;100563;product 563;cat 552;2308;2017-05-17;55145
564;100564;product 564;cat 553;4875;2018-01-16;53936
565;100565;product 565;cat 554;4103;2018-06-30;60709
566;100566;product 566;cat 555;3681;2018-06-25;53545
567;100567;product 567;cat 556;956;2017-06-18;78230
568;100568;product 568;cat 557;3097;2018-10-25;53359
569;100569;product 569;cat 558;2307;2017-08-17;43692
570;100570;product 570;cat 559;732;2018-09-28;49758
571;100571;product 571;cat 560;4546;2017-11-19;73573
572;100572;product 572;cat 561;3260;2017-01-08;86059
573;100573;product 573;cat 562;1362;2017-05-09;1093
574;100574;product 574;cat 563;4706;2017-05-09;40723
575;100575;product 575;cat 564;4746;2018-07-11;22465
576;100576;product 576;cat 565;1002;2018-04-03;5601
577;100577;product 577;cat 566;4894;2018-07-18;40763
578;100578;product 578;cat 567;3843;2018-04-18;86077
579;100579;product 579;cat 568;3912;2018-03-14;26644
580;100580;product 580;cat 569;4316;2018-03-07;87548
581;100581;product 581;cat 570;4516;2018-03-31;31587
582;100582;product 582;cat 571;1258;2018-07-21;78058
583;100583;product 583;cat 572;2165;2017-03-19;11415
584;100584;product 584;cat 573;2139;2017-04-28;74599
585;100585;product 585;cat 574;1911;2017-03-12;24913
586;100586;product 586;cat 575;4334;2018-04-02;88710
587;100587;product 587;cat 576;4555;2018-05-04;66521
588;100588;product 588;cat 577;160;2018-09-20;81543
589;100589;product 589;cat 578;4030;2018-04-04;76919
590;100590;product 590;cat 579;4489;2018-07-14;84586
591;100591;product 591;cat 580;1687;2018-07-05;10429
592;100592;product 592;cat 581;2766;2018-01-26;796
593;100593;product 593;cat 582;853;2017-07-18;47969
594;100594;product 594;cat 583;4250;2017-01-09;44042
595;100595;product 595;cat 584;3568;2018-05-20;2552
596;100596;product 596;cat 585;4588;2017-11-09;88614
597;100597;product 597;cat 586;3562;2017-12-04;12171
598;100598;product 598;cat 587;977;2017-02-07;31040
599;100599;product 599;cat 588;106;2017-12-22;21304
600;100600;product 600;cat 589;1877;2017-11-28;87005
601;100601;product 601;cat 590;4586;2017-08-17;47332
602;100602;product 602;cat 591;2365;2018-04-17;48989
603;100603;product 603;cat 592;2676;2017-05-21;36549
604;100604;product 604;cat 593;1802;2018-11-17;6397
605;100605;product 605;cat 594;2332;2017-12-11;7382
606;100606;product 606;cat 595;1370;2017-02-04;28286
607;100607;product 607;cat 596;2481;2018-02-02;41450
608;100608;product 608;cat 597;932;2017-02-13;16735
609;100609;product 609;cat 598;4539;2018-11-05;46819
610;100610;product 610;cat 599;3043;2018-10-21;53979
611;100611;product 611;cat 600;4865;2018-04-13;45099
612;100612;product 612;cat 601;1054;2017-03-17;52315
613;100613;product 613;cat 602;4763;2017-11-03;14424
614;100614;product 614;cat 603;1385;2018-06-04;73374
615;100615;product 615;cat 604;1214;2018-11-20;81805
616;100616;product 616;cat 605;2000;2017-07-16;6024
617;100617;product 617;cat 606;505;2017-07-09;60421
618;100618;product 618;cat 607;757;2018-06-22;65431
619;100619;product 619;cat 608;3044;2018-01-14;34011
620;100620;product 620;cat 609;1601;2018-06-30;27513
621;100621;product 621;cat 610;4816;2017-10-09;46622
622;100622;product 622;cat 611;1328;2018-09-07;68125
623;100623;product 623;cat 612;3767;2017-01-11;75115
624;100624;product 624;cat 613;1288;2017-12-24;77924
625;100625;product 625;cat 614;129;2017-12-03;16942
626;100626;product 626;cat 615;2220;2017-01-21;52621
627;100627;product 627;cat 616;3495;2017-06-29;7712
628;100628;product 628;cat 617;3966;2018-05-14;6709
629;100629;product 629;cat 618;3426;2017-09-13;84984
630;100630;product 630;cat 619;3112;2018-03-10;88151
631;100631;product 631;cat 620;1149;2017-04-21;5390
632;100632;product 632;cat 621;2260;2017-11-18;15871
633;100633;product 633;cat 622;1224;2017-08-27;70239
634;100634;product 634;cat 623;2758;2018-06-25;86273
635;100635;product 635;cat 624;4969;2017-05-22;4925
636;100636;product 636;cat 625;4214;2017-06-01;20168
637;100637;product 637;cat 626;269;2018-09-07;65878
638;100638;product 638;cat 627;784;2018-11-28;31965
639;100639;product 639;cat 628;998;2018-07-02;6327
640;100640;product 640;cat 629;3200;2017-05-18;74207
641;100641;product 641;cat 630;4305;2018-06-16;5712
642;100642;product 642;cat 631;3131;2018-05-23;35120
643;100643;product 643;cat 632;4969;2018-03-04;52604
644;100644;product 644;cat 633;4411;2017-05-24;5623
645;100645;product 645;cat 634;620;2018-03-01;26034
646;100646;product 646;cat 635;4037;2018-05-27;61011
647;100647;product 647;cat 636;3239;2017-03-16;2344
648;100648;product 648;cat 637;4928;2017-01-08;58453
649;100649;product 649;cat 638;1520;2018-06-12;32603
650;100650;product 650;cat 639;1188;2017-07-29;33948
651;100651;product 651;cat 640;3988;2017-10-24;88589
652;100652;product 652;cat 641;1264;2018-06-29;64042
653;100653;product 653;cat 642;4714;2018-01-04;85665
654;100654;product 654;cat 643;444;2018-10-27;66174
655;100655;product 655;cat 644;3725;2018-11-28;21179
656;100656;product 656;cat 645;287;2017-12-13;22683
657;100657;product 657;cat 646;3917;2017-02-12;59271
658;100658;product 658;cat 647;4146;2017-07-30;38801
659;100659;product 659;cat 648;850;2017-04-07;76841
660;100660;product 660;cat 649;1719;2017-05-29;29737
661;100661;product 661;cat 650;2059;2017-09-06;22098
662;100662;product 662;cat 651;1797;2017-12-12;49900
663;100663;product 663;cat 652;119;2018-05-11;59246
664;100664;product 664;cat 653;960;2017-08-08;61083
665;100665;product 665;cat 654;4805;2017-09-04;28351
666;100666;product 666;cat 655;4702;2017-04-15;18457
667;100667;product 667;cat 656;319;2017-09-20;68266
668;100668;product 668;cat 657;2709;2017-05-06;19575
669;100669;product 669;cat 658;3247;2018-01-31;59859
670;100670;product 670;cat 659;4717;2017-12-12;37947
671;100671;product 671;cat 660;1927;2018-08-16;89834
672;100672;product 672;cat 661;4483;2017-11-12;18313
673;100673;product 673;cat 662;3082;2018-09-01;68778
674;100674;product 674;cat 663;1768;2018-06-18;31744
675;100675;product 675;cat 664;4852;2017-12-27;48770
676;100676;product 676;cat 665;4038;2017-08-03;53560
677;100677;product 677;cat 666;4846;2017-05-11;45112
678;100678;product 678;cat 667;184;2017-04-28;16626
679;100679;product 679;cat 668;1157;2017-05-28;57767
680;100680;product 680;cat 669;3364;2017-03-17;20475
681;100681;product 681;cat 670;1149;2018-01-31;72734
682;100682;product 682;cat 671;4228;2017-03-31;35522
683;100683;product 683;cat 672;3886;2017-04-09;64848
684;100684;product 684;cat 673;1126;2018-02-23;29325
685;100685;product 685;cat 674;379;2017-04-18;73466
686;100686;product 686;cat 675;3772;2018-10-15;67902
687;100687;product 687;cat 676;3529;2018-12-24;40396
688;100688;product 688;cat 677;4765;2017-01-29;64170
689;100689;product 689;cat 678;1914;2018-04-30;35797
690;100690;product 690;cat 679;2367;2017-09-25;55419
691;100691;product 691;cat 680;2111;2017-08-14;46635
692;100692;product 692;cat 681;4155;2018-07-15;82627
693;100693;product 693;cat 682;1387;2017-10-03;15224
694;100694;product 694;cat 683;4126;2017-12-31;6455
695;100695;product 695;cat 684;1308;2017-11-03;41393
696;100696;product 696;cat 685;2910;2018-04-26;77632
697;100697;product 697;cat 686;2631;2018-11-17;56031
698;100698;product 698;cat 687;3391;2017-10-02;30549
699;100699;product 699;cat 688;248;2018-04-29;1394
700;100700;product 700;cat 689;123;2018-03-27;84421
701;100701;product 701;cat 690;2610;2017-04-11;32761
702;100702;product 702;cat 691;1384;2018-11-23;13744
703;100703;product 703;cat 692;1394;2018-04-03;72608
704;100704;product 704;cat 693;680;2018-06-15;87512
705;100705;product 705;cat 694;4269;2017-07-14;40593
706;100706;product 706;cat 695;1849;2018-03-28;48515
707;100707;product 707;cat 696;1413;2018-12-17;18919
708;100708;product 708;cat 697;1507;2017-02-19;76785
709;100709;product 709;cat 698;4978;2018-12-18;13975
710;100710;product 710;cat 699;4749;2017-10-29;86970
711;100711;product 711;cat 700;3910;2017-09-25;2320
712;100712;product 712;cat 701;2956;2017-12-29;72006
713;100713;product 713;cat 702;2474;2017-11-09;66808
714;100714;product 714;cat 703;2621;2018-02-24;58830
715;100715;product 715;cat 704;1524;2018-12-09;44404
716;100716;product 716;cat 705;4870;2018-05-11;38934
717;100717;product 717;cat 706;2738;2017-04-26;35118
718;100718;product 718;cat 707;3544;2018-11-19;83786
719;100719;product 719;cat 708;959;2018-04-09;1894
720;100720;product 720;cat 709;1605;2018-02-07;83440
721;100721;product 721;cat 710;4200;2018-05-06;980
722;100722;product 722;cat 711;3193;2017-09-20;21845
723;100723;product 723;cat 712;392;2017-08-13;48800
724;100724;product 724;cat 713;4165;2018-09-04;88889
725;100725;product 725;cat 714;3568;2017-10-14;24434
726;100726;product 726;cat 715;2540;2017-01-31;66972
727;100727;product 727;cat 716;2358;2018-08-10;6179
728;100728;product 728;cat 717;2084;2017-10-15;47070
729;100729;product 729;cat 718;2379;2018-06-10;22932
730;100730;product 730;cat 719;639;2018-01-14;7150
731;100731;product 731;cat 720;3934;2017-07-16;62710
732;100732;product 732;cat 721;1359;2018-07-17;21936
733;100733;product 733;cat 722;4652;2019-01-01;51762
734;100734;product 734;cat 723;1297;2018-05-19;17545
735;100735;product 735;cat 724;3724;2018-01-18;82212
736;100736;product 736;cat 725;936;2018-04-30;87218
737;100737;product 737;cat 726;1360;2017-07-18;45331
738;100738;product 738;cat 727;3175;2017-03-07;45237
739;100739;product 739;cat 728;693;2018-01-28;74142
740;100740;product 740;cat 729;2988;2017-10-13;31036
741;100741;product 741;cat 730;520;2017-03-10;20478
742;100742;product 742;cat 731;4983;2018-05-23;48708
743;100743;product 743;cat 732;519;2017-06-10;21868
744;100744;product 744;cat 733;3958;2017-01-15;5764
745;100745;product 745;cat 734;1126;2017-12-27;7762
746;100746;product 746;cat 735;1159;2018-07-05;26563
747;100747;product 747;cat 736;3442;2018-04-25;36289
748;100748;product 748;cat 737;3865;2017-03-26;7140
749;100749;product 749;cat 738;1549;2017-06-07;83618
750;100750;product 750;cat 739;2110;2018-07-12;14050
751;100751;product 751;cat 740;1886;2017-04-10;68539
752;100752;product 752;cat 741;4805;2018-10-26;85760
753;100753;product 753;cat 742;155;2018-12-19;60648
754;100754;product 754;cat 743;3017;2017-09-08;165
755;100755;product 755;cat 744;228;2017-03-04;29925
756;100756;product 756;cat 745;2207;2018-11-12;5464
757;100757;product 757;cat 746;4884;2017-04-20;55325
758;100758;product 758;cat 747;903;2017-06-02;72193
759;100759;product 759;cat 748;2165;2017-03-24;84456
760;100760;product 760;cat 749;3480;2018-12-09;43647
761;100761;product 761;cat 750;3040;2018-12-09;59322
762;100762;product 762;cat 751;720;2018-12-14;48035
763;100763;product 763;cat 752;814;2018-10-26;68616
764;100764;product 764;cat 753;1274;2017-09-17;22536
765;100765;product 765;cat 754;2155;2017-04-29;9068
766;100766;product 766;cat 755;4478;2018-09-22;25965
767;100767;product 767;cat 756;3285;2018-10-04;4192
768;100768;product 768;cat 757;1902;2017-08-22;23237
769;100769;product 769;cat 758;239;2017-09-01;16847
770;100770;product 770;cat 759;2197;2017-06-16;87088
771;100771;product 771;cat 760;1411;2018-04-15;46978
772;100772;product 772;cat 761;767;2017-08-04;52038
773;100773;product 773;cat 762;2737;2018-09-06;31533
774;100774;product 774;cat 763;3284;2017-11-14;87423
775;100775;product 775;cat 764;1316;2017-02-27;1048
776;100776;product 776;cat 765;4414;2017-01-03;34781
777;100777;product 777;cat 766;985;2018-08-04;75375
778;100778;product 778;cat 767;1449;2018-07-14;75587
779;100779;product 779;cat 768;697;2018-03-21;39051
780;100780;product 780;cat 769;2890;2018-03-21;31275
781;100781;product 781;cat 770;4070;2018-06-06;65470
782;100782;product 782;cat 771;4226;2017-11-07;40616
783;100783;product 783;cat 772;4289;2018-06-30;1672
784;100784;product 784;cat 773;3831;2017-09-19;69272
785;100785;product 785;cat 774;1871;2018-08-11;79048
786;100786;product 786;cat 775;1555;2017-10-25;35197
787;100787;product 787;cat 776;3178;2017-09-17;8604
788;100788;product 788;cat 777;1930;2018-04-14;82384
789;100789;product 789;cat 778;4998;2017-11-04;83401
790;100790;product 790;cat 779;164;2018-10-13;34954
791;100791;product 791;cat 780;4687;2018-04-08;22583
792;100792;product 792;cat 781;1392;2018-01-29;80464
793;100793;product 793;cat 782;305;2017-11-07;16443
794;100794;product 794;cat 783;1809;2018-02-11;52595
795;100795;product 795;cat 784;2571;2017-04-05;16078
796;100796;product 796;cat 785;4293;2018-04-23;64914
797;100797;product 797;cat 786;2732;2017-02-21;71477
798;100798;product 798;cat 787;1521;2018-01-27;86257
799;100799;product 799;cat 788;639;2018-05-04;25635
800;100800;product 800;cat 789;3443;2018-09-15;36212
801;100801;product 801;cat 790;889;2018-12-12;50174
802;100802;product 802;cat 791;1879;2017-12-23;10535
803;100803;product 803;cat 792;3122;2018-04-22;3761
804;100804;product 804;cat 793;3043;2018-03-29;25852
805;100805;product 805;cat 794;3377;2017-11-16;50484
806;100806;product 806;cat 795;1392;2017-05-14;31703
807;100807;product 807;cat 796;447;2018-01-04;68133
808;100808;product 808;cat 797;1260;2018-09-07;7831
809;100809;product 809;cat 798;780;2017-10-27;56819
810;100810;product 810;cat 799;3089;2017-07-07;19548
811;100811;product 811;cat 800;2176;2018-03-26;83876
812;100812;product 812;cat 801;4206;2018-08-21;47979
813;100813;product 813;cat 802;3682;2017-05-17;73809
814;100814;product 814;cat 803;2558;2017-12-05;21099
815;100815;product 815;cat 804;1595;2017-07-08;42142
816;100816;product 816;cat 805;1653;2018-07-15;41008
817;100817;product 817;cat 806;230;2018-08-19;48364
818;100818;product 818;cat 807;1584;2017-04-18;69757
819;100819;product 819;cat 808;2140;2017-12-24;652
820;100820;product 820;cat 809;637;2018-04-23;89275
821;100821;product 821;cat 810;573;2018-01-05;60790
822;100822;product 822;cat 811;4668;2017-06-30;34274
823;100823;product 823;cat 812;4748;2018-01-07;52238
824;100824;product 824;cat 813;3643;2017-08-06;73100
825;100825;product 825;cat 814;4621;2017-11-16;44301
826;100826;product 826;cat 815;3674;2018-07-08;38184
827;100827;product 827;cat 816;1566;2018-03-17;57415
828;100828;product 828;cat 817;3692;2017-07-13;66639
829;100829;product 829;cat 818;3512;2017-04-09;41722
830;100830;product 830;cat 819;2911;2018-04-13;47104
831;100831;product 831;cat 820;3307;2018-03-08;28412
832;100832;product 832;cat 821;173;2017-08-15;22366
833;100833;product 833;cat 822;1991;2017-06-29;80352
834;100834;product 834;cat 823;1445;2017-02-10;9450
835;100835;product 835;cat 824;2369;2018-05-03;61405
836;100836;product 836;cat 825;2159;2017-12-21;75625
837;100837;product 837;cat 826;2918;2018-01-23;11642
838;100838;product 838;cat 827;2869;2018-03-20;21312
839;100839;product 839;cat 828;3742;2018-10-18;73871
840;100840;product 840;cat 829;3177;2018-08-04;41300
841;100841;product 841;cat 830;3365;2017-03-25;71084
842;100842;product 842;cat 831;3557;2018-09-14;87090
843;100843;product 843;cat 832;2897;2018-05-25;14553
844;100844;product 844;cat 833;4783;2017-08-11;80947
845;100845;product 845;cat 834;4722;2018-03-24;1036
846;100846;product 846;cat 835;2119;2017-01-02;86156
847;100847;product 847;cat 836;2309;2017-10-05;25378
848;100848;product 848;cat 837;445;2018-02-06;76199
849;100849;product 849;cat 838;2653;2018-12-09;9675
850;100850;product 850;cat 839;1003;2018-07-29;44844
851;100851;product 851;cat 840;2263;2017-05-22;8074
852;100852;product 852;cat 841;3534;2018-02-09;15868
853;100853;product 853;cat 842;4900;2018-03-14;70990
854;100854;product 854;cat 843;3234;2018-04-09;14984
855;100855;product 855;cat 844;2355;2017-12-05;53101
856;100856;product 856;cat 845;3084;2017-07-29;33537
857;100857;product 857;cat 846;5000;2018-12-07;3197
858;100858;product 858;cat 847;1960;2018-08-05;11326
859;100859;product 859;cat 848;1879;2018-09-23;67677
860;100860;product 860;cat 849;4958;2018-04-10;56262
861;100861;product 861;cat 850;808;2018-10-20;1909
862;100862;product 862;cat 851;3217;2018-02-22;23749
863;100863;product 863;cat 852;2368;2018-01-17;43801
864;100864;product 864;cat 853;4339;2017-05-12;36003
865;100865;product 865;cat 854;2941;2018-10-18;4983
866;100866;product 866;cat 855;2260;2017-09-30;46526
867;100867;product 867;cat 856;2165;2018-04-14;70843
868;100868;product 868;cat 857;1377;2017-01-06;80010
869;100869;product 869;cat 858;2675;2018-09-27;70655
870;100870;product 870;cat 859;697;2017-04-07;79903
871;100871;product 871;cat 860;3543;2018-02-07;70849
872;100872;product 872;cat 861;3264;2018-09-08;56028
873;100873;product 873;cat 862;484;2017-08-25;54590
874;100874;product 874;cat 863;1454;2018-08-11;84486
875;100875;product 875;cat 864;631;2017-04-25;89196
876;100876;product 876;cat 865;2095;2017-09-13;37411
877;100877;product 877;cat 866;1911;2018-11-18;72700
878;100878;product 878;cat 867;1115;2018-05-08;78493
879;100879;product 879;cat 868;921;2017-03-19;47975
880;100880;product 880;cat 869;1312;2018-12-30;28553
881;100881;product 881;cat 870;2774;2017-08-20;89847
882;100882;product 882;cat 871;1428;2018-01-26;15953
883;100883;product 883;cat 872;1453;2017-04-09;45142
884;100884;product 884;cat 873;1858;2017-12-04;88494
885;100885;product 885;cat 874;520;2017-06-15;46995
886;100886;product 886;cat 875;3113;2018-05-06;10213
887;100887;product 887;cat 876;4502;2018-10-24;51630
888;100888;product 888;cat 877;2050;2018-12-18;1498
889;100889;product 889;cat 878;3874;2018-02-15;22779
890;100890;product 890;cat 879;4225;2017-05-09;7320
891;100891;product 891;cat 880;4004;2018-03-02;62528
892;100892;product 892;cat 881;1636;2017-06-24;76036
893;100893;product 893;cat 882;1633;2018-09-14;2302
894;100894;product 894;cat 883;340;2018-12-04;13087
895;100895;product 895;cat 884;1067;2018-08-10;54077
896;100896;product 896;cat 885;2870;2018-03-13;66800
897;100897;product 897;cat 886;3304;2017-04-25;31771
898;100898;product 898;cat 887;1063;2017-07-31;79303
899;100899;product 899;cat 888;2281;2018-06-22;50977
900;100900;product 900;cat 889;2464;2017-12-04;82887
901;100901;product 901;cat 890;1945;2017-07-01;42609
902;100902;product 902;cat 891;2407;2018-04-27;18894
903;100903;product 903;cat 892;3035;2018-11-07;46684
904;100904;product 904;cat 893;2071;2018-10-27;9297
905;100905;product 905;cat 894;2025;2018-04-26;6940
906;100906;product 906;cat 895;3068;2017-12-07;84178
907;100907;product 907;cat 896;2370;2017-04-06;27325
908;100908;product 908;cat 897;1750;2018-09-05;2245
909;100909;product 909;cat 898;3682;2017-10-06;28399
910;100910;product 910;cat 899;639;2018-02-06;658
911;100911;product 911;cat 900;768;2018-11-24;32885
912;100912;product 912;cat 901;3791;2017-07-07;58470
913;100913;product 913;cat 902;4682;2017-09-14;40786
914;100914;product 914;cat 903;3462;2017-06-13;8719
915;100915;product 915;cat 904;2333;2018-05-30;20352
916;100916;product 916;cat 905;3968;2018-05-22;65474
917;100917;product 917;cat 906;3762;2018-03-26;79423
918;100918;product 918;cat 907;3196;2017-02-25;43697
919;100919;product 919;cat 908;851;2017-11-11;36113
920;100920;product 920;cat 909;2569;2017-01-16;47586
921;100921;product 921;cat 910;1125;2017-08-01;19049
922;100922;product 922;cat 911;791;2018-09-22;29668
923;100923;product 923;cat 912;829;2017-05-31;12395
924;100924;product 924;cat 913;2206;2018-05-25;34984
925;100925;product 925;cat 914;3705;2017-06-27;73437
926;100926;product 926;cat 915;763;2018-09-02;15323
927;100927;product 927;cat 916;930;2018-11-12;11916
928;100928;product 928;cat 917;3831;2018-02-13;79314
929;100929;product 929;cat 918;3496;2018-01-27;47774
930;100930;product 930;cat 919;3406;2017-01-16;42977
931;100931;product 931;cat 920;209;2017-07-11;65299
932;100932;product 932;cat 921;1310;2017-04-03;79904
933;100933;product 933;cat 922;3171;2018-03-19;7086
934;100934;product 934;cat 923;960;2017-04-12;73467
935;100935;product 935;cat 924;4830;2018-01-11;32942
936;100936;product 936;cat 925;4007;2018-04-14;76530
937;100937;product 937;cat 926;1479;2017-01-27;8417
938;100938;product 938;cat 927;4499;2018-08-28;36686
939;100939;product 939;cat 928;719;2018-03-16;72212
940;100940;product 940;cat 929;1539;2017-12-13;82307
941;100941;product 941;cat 930;2766;2018-03-28;4422
942;100942;product 942;cat 931;1054;2017-08-14;32513
943;100943;product 943;cat 932;2340;2018-09-17;54457
944;100944;product 944;cat 933;1984;2018-12-08;40246
945;100945;product 945;cat 934;1188;2018-03-15;70560
946;100946;product 946;cat 935;2517;2017-10-18;67713
947;100947;product 947;cat 936;4889;2018-12-07;17979
948;100948;product 948;cat 937;2907;2018-09-16;58922
949;100949;product 949;cat 938;1297;2018-07-25;46591
950;100950;product 950;cat 939;3466;2017-08-09;54646
951;100951;product 951;cat 940;1890;2018-09-01;12359
952;100952;product 952;cat 941;4965;2017-09-24;11979
953;100953;product 953;cat 942;3685;2018-09-18;72469
954;100954;product 954;cat 943;1437;2017-01-12;57590
955;100955;product 955;cat 944;3942;2017-06-26;19732
956;100956;product 956;cat 945;4362;2017-10-11;53563
957;100957;product 957;cat 946;230;2017-07-29;49679
958;100958;product 958;cat 947;2861;2017-03-16;59412
959;100959;product 959;cat 948;4561;2017-04-02;61723
960;100960;product 960;cat 949;4742;2017-11-21;75563
961;100961;product 961;cat 950;4112;2017-01-08;62527
962;100962;product 962;cat 951;361;2018-12-22;557
963;100963;product 963;cat 952;2241;2018-02-01;69669
964;100964;product 964;cat 953;4851;2018-04-13;60745
965;100965;product 965;cat 954;1075;2018-02-11;81788
966;100966;product 966;cat 955;2159;2017-06-16;75454
967;100967;product 967;cat 956;2954;2018-02-15;32855
968;100968;product 968;cat 957;969;2017-08-14;33850
969;100969;product 969;cat 958;4557;2017-08-04;48678
970;100970;product 970;cat 959;4370;2017-05-19;16724
971;100971;product 971;cat 960;3612;2018-08-22;12077
972;100972;product 972;cat 961;3991;2017-04-23;70916
973;100973;product 973;cat 962;738;2017-07-28;81317
974;100974;product 974;cat 963;562;2018-11-02;7818
975;100975;product 975;cat 964;441;2017-01-14;71424
976;100976;product 976;cat 965;2348;2017-11-01;25462
977;100977;product 977;cat 966;584;2017-08-16;85443
978;100978;product 978;cat 967;2452;2018-10-18;69449
979;100979;product 979;cat 968;1957;2017-07-29;60713
980;100980;product 980;cat 969;2488;2018-01-22;11198
981;100981;product 981;cat 970;4931;2018-01-29;56940
982;100982;product 982;cat 971;1629;2017-05-25;11140
983;100983;product 983;cat 972;999;2017-02-01;27796
984;100984;product 984;cat 973;1499;2018-03-12;65274
985;100985;product 985;cat 974;1633;2017-01-07;85226
986;100986;product 986;cat 975;2661;2018-04-25;11681
987;100987;product 987;cat 976;1359;2017-07-18;22890
988;100988;product 988;cat 977;1466;2017-12-26;33939
989;100989;product 989;cat 978;2249;2017-09-08;52622
990;100990;product 990;cat 979;4520;2017-10-11;51026
991;100991;product 991;cat 980;3756;2017-05-11;80777
992;100992;product 992;cat 981;2187;2018-09-11;81388
993;100993;product 993;cat 982;2207;2017-07-17;15870
994;100994;product 994;cat 983;3476;2017-05-14;43829
995;100995;product 995;cat 984;1086;2018-04-29;34350
996;100996;product 996;cat 985;1643;2017-05-21;43318
997;100997;product 997;cat 986;2279;2018-01-03;25698
998;100998;product 998;cat 987;2533;2018-01-27;70115
999;100999;product 999;cat 988;2568;2017-08-23;23054
1000;101000;product 1000;cat 989;1201;2018-10-18;6698
;;;;;;