1;2018-10-02;moscow, ulica 1;5;2017-02-22;source1;898;290;851
2;2018-01-31;moscow, ulica 2;5;2017-06-21;source2;806;958;62
3;2017-01-12;moscow, ulica 3;5;2017-06-01;source3;822;935;153
4;2018-07-22;moscow, ulica 4;1;2017-09-14;source4;136;789;269
5;2017-01-17;moscow, ulica 5;3;2018-04-19;source5;398;394;671
6;2018-07-27;moscow, ulica 6;5;2017-06-15;source6;189;363;445
7;2018-04-08;moscow, ulica 7;5;2018-08-25;source7;486;924;110
8;2018-10-12;moscow, ulica 8;5;2017-08-30;source8;563;619;217
9;2017-02-19;moscow, ulica 9;3;2017-02-11;source9;573;703;217
10;2018-05-08;moscow, ulica 10;3;2018-12-27;source10;818;408;956
11;2017-02-10;moscow, ulica 11;3;2017-10-02;source11;451;294;875
12;2018-10-12;moscow, ulica 12;2;2018-09-22;source12;28;550;970
13;2017-06-01;moscow, ulica 13;2;2017-08-30;source13;257;562;469
14;2017-06-18;moscow, ulica 14;2;2018-08-03;source14;669;505;390
15;2018-07-01;moscow, ulica 15;3;2018-09-19;source15;387;765;634
16;2017-06-10;moscow, ulica 16;2;2018-01-19;source16;957;429;307
17;2018-02-05;moscow, ulica 17;3;2017-12-18;source17;158;855;145
18;2018-02-04;moscow, ulica 18;1;2018-04-12;source18;128;991;940
19;2017-11-07;moscow, ulica 19;3;2018-09-15;source19;832;843;513
20;2018-10-29;moscow, ulica 20;2;2018-03-08;source20;637;135;936
21;2017-06-17;moscow, ulica 21;1;2017-07-05;source21;786;426;401
22;2017-12-12;moscow, ulica 22;5;2018-01-04;source22;271;447;677
23;2017-08-28;moscow, ulica 23;5;2018-10-06;source23;515;691;172
24;2017-12-09;moscow, ulica 24;1;2018-07-12;source24;334;954;556
25;2018-10-21;moscow, ulica 25;2;2018-08-11;source25;183;156;925
26;2018-03-31;moscow, ulica 26;2;2017-08-18;source26;162;445;7
27;2018-04-25;moscow, ulica 27;1;2017-01-16;source27;342;138;176
28;2017-03-06;moscow, ulica 28;2;2017-10-25;source28;329;17;641
29;2017-11-16;moscow, ulica 29;5;2017-07-09;source29;571;957;797
30;2017-08-02;moscow, ulica 30;2;2017-11-10;source30;86;75;282
31;2018-02-22;moscow, ulica 31;1;2017-11-30;source31;51;885;218
32;2017-11-18;moscow, ulica 32;2;2018-01-23;source32;16;699;509
33;2017-08-01;moscow, ulica 33;5;2017-01-08;source33;250;628;711
34;2017-12-26;moscow, ulica 34;2;2017-04-23;source34;463;246;116
35;2017-02-23;moscow, ulica 35;2;2018-03-26;source35;214;33;867
36;2017-06-15;moscow, ulica 36;5;2018-07-30;source36;399;789;42
37;2017-03-31;moscow, ulica 37;2;2017-11-23;source37;776;454;446
38;2018-03-23;moscow, ulica 38;3;2018-06-06;source38;487;156;449
39;2017-03-19;moscow, ulica 39;3;2018-03-28;source39;79;888;211
40;2018-06-21;moscow, ulica 40;5;2018-08-05;source40;59;612;781
41;2017-08-02;moscow, ulica 41;3;2018-06-27;source41;455;943;740
42;2017-02-11;moscow, ulica 42;4;2018-11-10;source42;225;338;996
43;2017-11-05;moscow, ulica 43;2;2017-02-20;source43;630;307;614
44;2017-06-17;moscow, ulica 44;4;2017-04-16;source44;174;611;409
45;2017-03-13;moscow, ulica 45;3;2017-07-10;source45;451;607;434
46;2017-11-10;moscow, ulica 46;4;2018-01-01;source46;991;994;141
47;2017-01-01;moscow, ulica 47;3;2017-10-25;source47;683;652;295
48;2018-05-03;moscow, ulica 48;5;2018-09-28;source48;911;213;595
49;2017-04-27;moscow, ulica 49;5;2018-12-21;source49;428;288;165
50;2017-07-03;moscow, ulica 50;2;2018-07-07;source50;86;710;923
51;2017-10-07;moscow, ulica 51;4;2018-08-19;source51;55;811;430
52;2017-10-14;moscow, ulica 52;5;2018-08-10;source52;772;939;802
53;2018-03-25;moscow, ulica 53;1;2018-03-14;source53;468;438;12
54;2018-05-15;moscow, ulica 54;2;2018-04-10;source54;92;233;989
55;2018-03-19;moscow, ulica 55;3;2017-07-10;source55;804;350;583
56;2018-09-14;moscow, ulica 56;4;2017-10-26;source56;167;803;938
57;2017-03-26;moscow, ulica 57;5;2018-12-27;source57;260;967;244
58;2017-08-27;moscow, ulica 58;5;2017-12-12;source58;408;868;352
59;2017-09-26;moscow, ulica 59;2;2018-01-30;source59;285;66;307
60;2018-06-09;moscow, ulica 60;5;2018-08-28;source60;415;992;755
61;2017-06-15;moscow, ulica 61;2;2017-01-20;source61;751;78;952
62;2018-07-23;moscow, ulica 62;4;2017-07-25;source62;110;414;198
63;2018-12-14;moscow, ulica 63;4;2018-11-30;source63;617;726;500
64;2018-10-19;moscow, ulica 64;1;2018-07-04;source64;101;683;674
65;2018-05-23;moscow, ulica 65;5;2017-03-24;source65;357;680;785
66;2017-07-03;moscow, ulica 66;1;2018-03-26;source66;31;269;83
67;2017-12-24;moscow, ulica 67;5;2018-09-02;source67;448;452;183
68;2018-08-24;moscow, ulica 68;1;2017-10-04;source68;641;367;165
69;2018-12-22;moscow, ulica 69;5;2017-05-06;source69;283;224;73
70;2018-11-06;moscow, ulica 70;4;2018-01-26;source70;85;403;961
71;2017-01-20;moscow, ulica 71;5;2017-08-21;source71;663;710;935
72;2018-10-23;moscow, ulica 72;3;2017-03-01;source72;36;387;56
73;2017-07-28;moscow, ulica 73;1;2017-11-29;source73;733;513;433
74;2018-09-20;moscow, ulica 74;5;2017-12-15;source74;779;752;25
75;2018-06-30;moscow, ulica 75;5;2017-01-01;source75;964;442;860
76;2017-09-08;moscow, ulica 76;4;2018-06-09;source76;513;200;667
77;2018-07-22;moscow, ulica 77;4;2018-08-28;source77;441;548;765
78;2017-10-04;moscow, ulica 78;4;2017-02-22;source78;673;353;957
79;2017-03-27;moscow, ulica 79;5;2017-05-04;source79;544;406;530
80;2018-11-13;moscow, ulica 80;1;2017-09-19;source80;192;155;687
81;2017-12-24;moscow, ulica 81;2;2017-05-21;source81;360;82;155
82;2018-06-22;moscow, ulica 82;5;2018-09-11;source82;253;992;722
83;2017-06-01;moscow, ulica 83;1;2018-09-02;source83;379;207;623
84;2018-05-05;moscow, ulica 84;3;2017-12-21;source84;462;231;149
85;2018-05-07;moscow, ulica 85;3;2017-02-10;source85;181;936;130
86;2018-03-10;moscow, ulica 86;4;2017-03-25;source86;273;248;726
87;2017-09-03;moscow, ulica 87;1;2017-09-08;source87;940;20;172
88;2018-07-08;moscow, ulica 88;3;2017-06-30;source88;954;727;247
89;2017-11-30;moscow, ulica 89;5;2018-03-07;source89;613;341;128
90;2018-08-25;moscow, ulica 90;1;2017-08-02;source90;368;508;919
91;2018-01-26;moscow, ulica 91;5;2018-09-14;source91;602;658;221
92;2018-04-17;moscow, ulica 92;1;2017-04-10;source92;471;269;991
93;2017-12-03;moscow, ulica 93;5;2017-12-02;source93;632;674;346
94;2017-07-02;moscow, ulica 94;3;2018-10-03;source94;209;146;897
95;2017-08-15;moscow, ulica 95;2;2017-07-10;source95;302;206;168
96;2018-03-29;moscow, ulica 96;1;2017-11-29;source96;355;258;254
97;2017-07-11;moscow, ulica 97;2;2017-09-14;source97;950;532;431
98;2018-12-21;moscow, ulica 98;2;2017-02-25;source98;507;337;654
99;2018-06-04;moscow, ulica 99;3;2017-08-21;source99;875;804;716
100;2017-09-19;moscow, ulica 100;1;2018-10-17;source100;949;155;324
101;2017-05-12;moscow, ulica 101;5;2018-08-14;source101;688;764;692
102;2018-02-13;moscow, ulica 102;2;2017-02-26;source102;214;190;824
103;2018-04-08;moscow, ulica 103;5;2017-01-12;source103;634;906;229
104;2017-01-12;moscow, ulica 104;4;2017-10-09;source104;62;641;569
105;2017-04-12;moscow, ulica 105;4;2017-04-30;source105;776;506;790
106;2017-04-07;moscow, ulica 106;1;2018-09-09;source106;49;930;80
107;2018-01-21;moscow, ulica 107;5;2018-11-24;source107;742;909;158
108;2018-06-02;moscow, ulica 108;2;2017-04-27;source108;196;525;829
109;2017-02-27;moscow, ulica 109;5;2017-02-22;source109;691;956;738
110;2018-05-24;moscow, ulica 110;2;2018-10-07;source110;357;503;685
111;2017-12-15;moscow, ulica 111;5;2017-07-07;source111;853;973;879
112;2018-02-12;moscow, ulica 112;3;2018-07-28;source112;519;863;550
113;2018-08-26;moscow, ulica 113;2;2017-01-11;source113;251;447;820
114;2018-03-22;moscow, ulica 114;3;2017-07-27;source114;244;889;439
115;2018-01-26;moscow, ulica 115;4;2017-03-29;source115;408;324;637
116;2018-10-22;moscow, ulica 116;2;2017-10-21;source116;955;526;866
117;2017-09-09;moscow, ulica 117;3;2017-07-21;source117;899;704;629
118;2017-08-04;moscow, ulica 118;3;2017-04-03;source118;453;478;529
119;2017-02-03;moscow, ulica 119;1;2018-09-02;source119;927;85;103
120;2018-08-02;moscow, ulica 120;4;2017-01-16;source120;749;19;850
121;2017-12-11;moscow, ulica 121;1;2017-11-20;source121;574;596;732
122;2018-05-10;moscow, ulica 122;5;2018-09-15;source122;411;185;192
123;2018-05-21;moscow, ulica 123;4;2017-11-22;source123;397;998;896
124;2017-02-17;moscow, ulica 124;2;2018-02-21;source124;66;848;898
125;2018-12-31;moscow, ulica 125;1;2018-05-04;source125;370;120;817
126;2017-07-30;moscow, ulica 126;2;2018-06-18;source126;466;801;809
127;2017-01-17;moscow, ulica 127;1;2018-05-20;source127;461;171;527
128;2017-06-02;moscow, ulica 128;5;2018-11-12;source128;438;150;363
129;2017-06-21;moscow, ulica 129;2;2018-07-30;source129;704;678;775
130;2017-02-09;moscow, ulica 130;1;2017-10-09;source130;398;658;301
131;2017-02-01;moscow, ulica 131;2;2018-02-19;source131;702;378;616
132;2017-03-29;moscow, ulica 132;4;2017-08-27;source132;341;411;91
133;2017-11-09;moscow, ulica 133;5;2018-01-12;source133;621;202;483
134;2017-12-19;moscow, ulica 134;3;2018-07-18;source134;593;265;774
135;2018-10-30;moscow, ulica 135;3;2018-03-23;source135;328;892;807
136;2018-09-29;moscow, ulica 136;1;2017-06-03;source136;422;164;147
137;2017-06-19;moscow, ulica 137;2;2018-06-04;source137;485;782;596
138;2018-04-11;moscow, ulica 138;2;2017-05-29;source138;619;690;45
139;2018-04-21;moscow, ulica 139;2;2017-06-26;source139;694;230;566
140;2017-12-24;moscow, ulica 140;1;2017-04-28;source140;412;960;62
141;2018-05-16;moscow, ulica 141;3;2018-03-06;source141;837;874;726
142;2018-10-04;moscow, ulica 142;5;2018-02-01;source142;619;667;614
143;2017-01-02;moscow, ulica 143;5;2017-05-29;source143;10;115;803
144;2017-03-18;moscow, ulica 144;3;2017-10-02;source144;204;248;421
145;2017-12-15;moscow, ulica 145;2;2017-12-24;source145;362;282;395
146;2017-12-13;moscow, ulica 146;1;2017-08-07;source146;145;635;720
147;2018-10-09;moscow, ulica 147;2;2017-09-23;source147;562;955;919
148;2017-01-26;moscow, ulica 148;3;2018-11-12;source148;498;499;332
149;2018-11-10;moscow, ulica 149;2;2017-03-31;source149;637;331;355
150;2018-11-01;moscow, ulica 150;5;2017-05-05;source150;724;924;505
151;2017-07-01;moscow, ulica 151;3;2018-06-19;source151;165;689;712
152;2018-03-28;moscow, ulica 152;4;2017-03-11;source152;717;697;502
153;2018-11-15;moscow, ulica 153;4;2018-11-09;source153;991;821;604
154;2018-11-21;moscow, ulica 154;2;2017-01-03;source154;498;202;251
155;2017-04-14;moscow, ulica 155;2;2018-12-05;source155;209;49;319
156;2017-10-25;moscow, ulica 156;4;2017-08-31;source156;100;212;475
157;2018-12-07;moscow, ulica 157;2;2017-09-24;source157;545;457;46
158;2018-04-27;moscow, ulica 158;1;2018-07-27;source158;588;587;310
159;2018-06-19;moscow, ulica 159;3;2017-04-20;source159;993;728;564
160;2017-04-18;moscow, ulica 160;5;2018-11-06;source160;768;266;20
161;2018-02-04;moscow, ulica 161;3;2018-02-24;source161;957;257;202
162;2018-12-10;moscow, ulica 162;1;2018-04-21;source162;642;336;560
163;2018-11-29;moscow, ulica 163;5;2017-06-12;source163;356;508;690
164;2018-04-28;moscow, ulica 164;1;2017-11-17;source164;466;913;477
165;2018-05-28;moscow, ulica 165;5;2018-01-24;source165;400;838;956
166;2018-09-17;moscow, ulica 166;2;2017-08-07;source166;699;343;880
167;2018-04-03;moscow, ulica 167;5;2017-11-02;source167;233;665;623
168;2018-02-07;moscow, ulica 168;5;2018-12-18;source168;135;632;264
169;2018-01-30;moscow, ulica 169;2;2018-02-05;source169;234;65;542
170;2017-11-04;moscow, ulica 170;1;2018-10-20;source170;983;184;645
171;2018-03-27;moscow, ulica 171;5;2018-06-05;source171;541;462;191
172;2017-05-10;moscow, ulica 172;2;2017-04-07;source172;707;965;730
173;2017-10-25;moscow, ulica 173;2;2018-09-30;source173;907;395;698
174;2018-04-13;moscow, ulica 174;1;2018-02-08;source174;568;254;646
175;2017-02-09;moscow, ulica 175;1;2018-03-30;source175;645;659;245
176;2017-05-25;moscow, ulica 176;4;2018-10-07;source176;179;788;401
177;2017-03-04;moscow, ulica 177;4;2018-11-22;source177;592;90;581
178;2017-11-07;moscow, ulica 178;1;2018-04-10;source178;62;858;574
179;2018-11-16;moscow, ulica 179;2;2017-12-12;source179;676;248;104
180;2018-01-05;moscow, ulica 180;2;2017-04-30;source180;157;103;428
181;2017-02-11;moscow, ulica 181;2;2017-01-17;source181;79;234;233
182;2017-02-17;moscow, ulica 182;1;2018-11-21;source182;524;881;422
183;2017-09-06;moscow, ulica 183;5;2018-02-27;source183;991;147;653
184;2018-05-06;moscow, ulica 184;1;2017-11-27;source184;206;38;709
185;2017-12-30;moscow, ulica 185;3;2017-02-06;source185;220;581;708
186;2018-10-07;moscow, ulica 186;4;2017-09-15;source186;106;819;78
187;2018-06-14;moscow, ulica 187;2;2017-10-22;source187;603;366;541
188;2017-11-28;moscow, ulica 188;2;2017-07-15;source188;792;39;535
189;2017-03-10;moscow, ulica 189;2;2017-06-12;source189;790;687;677
190;2017-06-27;moscow, ulica 190;2;2017-06-21;source190;121;896;680
191;2018-10-10;moscow, ulica 191;4;2017-11-09;source191;556;390;524
192;2018-09-29;moscow, ulica 192;4;2017-09-21;source192;591;410;452
193;2017-11-17;moscow, ulica 193;4;2018-07-23;source193;636;80;531
194;2017-09-14;moscow, ulica 194;5;2017-12-29;source194;959;473;724
195;2018-12-13;moscow, ulica 195;1;2017-10-01;source195;776;457;423
196;2017-06-03;moscow, ulica 196;5;2017-09-27;source196;578;252;333
197;2017-01-13;moscow, ulica 197;3;2018-06-23;source197;375;882;605
198;2017-11-25;moscow, ulica 198;1;2017-08-12;source198;314;832;116
199;2018-07-22;moscow, ulica 199;4;2017-09-06;source199;300;870;981
200;2018-04-22;moscow, ulica 200;3;2017-03-26;source200;599;489;408
201;2018-03-16;moscow, ulica 201;4;2017-10-09;source201;311;233;718
202;2018-11-29;moscow, ulica 202;1;2018-05-09;source202;811;422;337
203;2018-05-09;moscow, ulica 203;4;2017-02-25;source203;620;529;451
204;2018-01-03;moscow, ulica 204;1;2018-10-22;source204;127;989;726
205;2018-03-28;moscow, ulica 205;1;2017-03-07;source205;420;300;278
206;2018-02-24;moscow, ulica 206;1;2017-06-24;source206;244;807;554
207;2017-10-09;moscow, ulica 207;1;2017-12-06;source207;676;921;655
208;2018-02-07;moscow, ulica 208;2;2018-06-02;source208;279;682;231
209;2018-07-20;moscow, ulica 209;2;2017-05-07;source209;720;216;790
210;2017-09-18;moscow, ulica 210;4;2017-05-17;source210;918;145;432
211;2018-12-02;moscow, ulica 211;2;2018-04-13;source211;362;781;772
212;2018-08-15;moscow, ulica 212;1;2017-06-11;source212;370;271;216
213;2017-07-10;moscow, ulica 213;4;2017-02-08;source213;109;944;710
214;2018-10-31;moscow, ulica 214;1;2018-08-07;source214;439;630;351
215;2017-07-03;moscow, ulica 215;5;2017-07-27;source215;92;889;897
216;2018-02-13;moscow, ulica 216;2;2018-03-20;source216;238;772;298
217;2018-02-21;moscow, ulica 217;5;2017-08-24;source217;866;660;612
218;2018-10-05;moscow, ulica 218;3;2018-12-18;source218;498;406;774
219;2018-03-06;moscow, ulica 219;2;2018-01-09;source219;375;866;195
220;2018-06-04;moscow, ulica 220;1;2017-02-14;source220;968;21;666
221;2018-06-10;moscow, ulica 221;5;2017-10-19;source221;872;158;157
222;2017-03-19;moscow, ulica 222;3;2017-05-01;source222;921;857;518
223;2017-05-28;moscow, ulica 223;3;2017-01-03;source223;565;50;227
224;2018-10-08;moscow, ulica 224;5;2017-02-25;source224;292;664;855
225;2018-10-24;moscow, ulica 225;4;2018-06-06;source225;799;258;676
226;2017-06-14;moscow, ulica 226;4;2018-10-05;source226;875;309;952
227;2017-11-30;moscow, ulica 227;1;2017-08-06;source227;181;80;215
228;2018-03-03;moscow, ulica 228;2;2018-01-21;source228;675;506;428
229;2017-09-30;moscow, ulica 229;3;2018-11-11;source229;502;842;354
230;2018-07-09;moscow, ulica 230;4;2018-09-29;source230;294;89;507
231;2018-05-25;moscow, ulica 231;5;2018-08-01;source231;595;76;546
232;2018-07-30;moscow, ulica 232;3;2017-09-07;source232;585;382;474
233;2018-08-19;moscow, ulica 233;5;2017-11-26;source233;912;365;133
234;2018-10-03;moscow, ulica 234;1;2017-08-22;source234;88;851;306
235;2018-11-12;moscow, ulica 235;1;2017-06-10;source235;663;732;284
236;2017-07-27;moscow, ulica 236;1;2018-05-26;source236;873;773;618
237;2017-07-06;moscow, ulica 237;3;2018-02-19;source237;7;532;58
238;2017-05-22;moscow, ulica 238;5;2017-03-14;source238;786;900;771
239;2018-02-16;moscow, ulica 239;2;2018-07-02;source239;152;80;591
240;2017-12-18;moscow, ulica 240;4;2018-06-30;source240;58;25;795
241;2017-10-19;moscow, ulica 241;1;2017-05-24;source241;879;338;442
242;2017-01-24;moscow, ulica 242;3;2017-08-10;source242;237;428;616
243;2017-02-02;moscow, ulica 243;4;2018-11-22;source243;464;289;816
244;2018-01-25;moscow, ulica 244;2;2017-02-24;source244;201;737;775
245;2018-03-30;moscow, ulica 245;4;2017-11-27;source245;169;736;240
246;2017-12-10;moscow, ulica 246;2;2018-09-26;source246;840;993;674
247;2018-05-29;moscow, ulica 247;3;2018-07-02;source247;636;142;834
248;2017-11-08;moscow, ulica 248;3;2017-07-22;source248;86;538;749
249;2018-02-27;moscow, ulica 249;2;2018-02-20;source249;821;819;285
250;2018-10-01;moscow, ulica 250;5;2017-05-10;source250;526;648;356
251;2017-06-26;moscow, ulica 251;3;2017-06-15;source251;272;631;132
252;2017-06-22;moscow, ulica 252;5;2018-08-03;source252;975;765;448
253;2017-09-30;moscow, ulica 253;5;2017-10-17;source253;838;854;537
254;2018-10-04;moscow, ulica 254;5;2018-03-13;source254;789;387;294
255;2017-02-18;moscow, ulica 255;4;2017-10-17;source255;804;827;878
256;2017-03-19;moscow, ulica 256;4;2017-07-28;source256;233;786;737
257;2017-04-10;moscow, ulica 257;4;2018-07-14;source257;217;714;175
258;2017-08-23;moscow, ulica 258;5;2017-08-30;source258;590;677;979
259;2017-04-20;moscow, ulica 259;1;2018-03-10;source259;936;268;976
260;2017-04-29;moscow, ulica 260;3;2017-09-16;source260;282;790;619
261;2017-08-03;moscow, ulica 261;3;2018-08-24;source261;880;331;791
262;2018-11-12;moscow, ulica 262;5;2018-03-01;source262;470;346;183
263;2018-06-28;moscow, ulica 263;2;2018-01-30;source263;529;191;421
264;2017-05-19;moscow, ulica 264;5;2017-08-05;source264;236;151;451
265;2018-09-25;moscow, ulica 265;4;2017-04-24;source265;233;977;316
266;2018-09-20;moscow, ulica 266;2;2017-11-19;source266;808;915;431
267;2017-04-22;moscow, ulica 267;5;2017-04-03;source267;180;802;621
268;2017-12-31;moscow, ulica 268;3;2018-01-03;source268;967;407;581
269;2017-11-30;moscow, ulica 269;3;2018-12-27;source269;572;340;878
270;2017-12-01;moscow, ulica 270;2;2018-09-12;source270;35;963;138
271;2017-06-13;moscow, ulica 271;1;2018-07-30;source271;394;500;384
272;2017-04-08;moscow, ulica 272;4;2017-06-28;source272;870;66;402
273;2018-07-23;moscow, ulica 273;2;2017-08-03;source273;233;2;131
274;2018-01-16;moscow, ulica 274;4;2018-09-22;source274;545;935;207
275;2018-06-27;moscow, ulica 275;3;2018-06-30;source275;47;344;138
276;2017-07-12;moscow, ulica 276;1;2017-11-11;source276;76;773;756
277;2017-09-24;moscow, ulica 277;2;2018-06-20;source277;726;464;36
278;2018-11-09;moscow, ulica 278;2;2017-12-13;source278;351;952;849
279;2017-08-30;moscow, ulica 279;4;2017-07-27;source279;321;835;502
280;2017-07-04;moscow, ulica 280;2;2018-01-26;source280;503;813;566
281;2018-06-28;moscow, ulica 281;5;2018-07-01;source281;186;582;420
282;2017-11-10;moscow, ulica 282;1;2018-07-03;source282;365;99;769
283;2017-05-09;moscow, ulica 283;4;2017-09-08;source283;55;862;995
284;2017-07-22;moscow, ulica 284;3;2018-07-11;source284;669;607;659
285;2017-02-04;moscow, ulica 285;1;2018-12-17;source285;862;312;520
286;2018-01-30;moscow, ulica 286;1;2017-11-12;source286;573;615;316
287;2018-08-11;moscow, ulica 287;1;2018-09-20;source287;965;642;569
288;2018-03-08;moscow, ulica 288;5;2017-11-27;source288;559;999;270
289;2018-03-23;moscow, ulica 289;3;2018-03-25;source289;749;514;296
290;2018-07-25;moscow, ulica 290;5;2018-06-04;source290;804;660;484
291;2018-01-21;moscow, ulica 291;2;2018-06-04;source291;551;874;738
292;2017-03-07;moscow, ulica 292;4;2017-06-17;source292;171;744;308
293;2017-06-08;moscow, ulica 293;4;2018-07-11;source293;839;437;480
294;2017-06-17;moscow, ulica 294;1;2018-07-15;source294;868;383;525
295;2017-04-03;moscow, ulica 295;2;2018-09-19;source295;35;473;92
296;2017-07-18;moscow, ulica 296;5;2017-07-07;source296;162;939;869
297;2018-04-05;moscow, ulica 297;1;2018-07-22;source297;978;258;340
298;2017-06-20;moscow, ulica 298;1;2017-07-25;source298;764;321;408
299;2018-12-18;moscow, ulica 299;1;2018-07-28;source299;168;218;721
300;2017-11-09;moscow, ulica 300;3;2017-09-14;source300;825;387;574
301;2017-06-23;moscow, ulica 301;2;2018-03-25;source301;745;871;841
302;2017-02-25;moscow, ulica 302;5;2018-09-11;source302;291;688;223
303;2017-09-12;moscow, ulica 303;4;2017-01-05;source303;772;689;269
304;2018-08-28;moscow, ulica 304;1;2018-03-20;source304;760;295;683
305;2018-08-24;moscow, ulica 305;3;2018-07-17;source305;320;257;928
306;2017-02-08;moscow, ulica 306;5;2017-09-10;source306;550;24;307
307;2017-11-02;moscow, ulica 307;3;2018-09-20;source307;378;612;116
308;2017-01-14;moscow, ulica 308;4;2017-09-09;source308;150;60;513
309;2018-08-04;moscow, ulica 309;1;2017-03-12;source309;316;996;45
310;2018-04-25;moscow, ulica 310;2;2017-12-12;source310;109;161;223
311;2017-04-03;moscow, ulica 311;1;2017-08-04;source311;678;29;841
312;2017-06-06;moscow, ulica 312;3;2018-01-25;source312;313;396;734
313;2017-08-03;moscow, ulica 313;2;2018-03-13;source313;962;262;656
314;2017-08-24;moscow, ulica 314;1;2018-06-12;source314;992;877;922
315;2017-12-02;moscow, ulica 315;3;2018-10-14;source315;775;803;863
316;2018-02-09;moscow, ulica 316;4;2017-08-06;source316;470;64;134
317;2018-07-31;moscow, ulica 317;4;2018-06-01;source317;341;675;704
318;2018-01-05;moscow, ulica 318;3;2018-12-19;source318;553;703;166
319;2017-03-06;moscow, ulica 319;2;2017-05-16;source319;180;331;535
320;2018-01-09;moscow, ulica 320;3;2018-09-17;source320;186;420;788
321;2018-04-15;moscow, ulica 321;4;2018-02-11;source321;680;360;291
322;2017-08-31;moscow, ulica 322;4;2018-04-21;source322;527;943;913
323;2018-04-04;moscow, ulica 323;1;2017-03-16;source323;652;464;100
324;2018-07-01;moscow, ulica 324;2;2017-08-23;source324;763;658;273
325;2018-06-02;moscow, ulica 325;1;2017-07-17;source325;529;669;514
326;2017-03-20;moscow, ulica 326;1;2017-04-11;source326;531;395;894
327;2018-11-09;moscow, ulica 327;1;2018-09-28;source327;892;208;418
328;2018-07-13;moscow, ulica 328;5;2017-09-02;source328;618;34;24
329;2017-04-07;moscow, ulica 329;4;2018-01-29;source329;64;351;879
330;2017-11-03;moscow, ulica 330;5;2018-04-18;source330;297;796;490
331;2018-04-03;moscow, ulica 331;1;2018-12-27;source331;713;267;528
332;2018-06-10;moscow, ulica 332;1;2017-12-21;source332;676;172;673
333;2017-07-08;moscow, ulica 333;5;2018-06-16;source333;253;928;366
334;2018-06-24;moscow, ulica 334;5;2017-10-23;source334;166;112;385
335;2017-10-06;moscow, ulica 335;3;2018-02-01;source335;783;1000;685
336;2018-04-14;moscow, ulica 336;2;2017-08-05;source336;729;141;255
337;2018-09-03;moscow, ulica 337;3;2018-09-05;source337;277;420;848
338;2018-01-07;moscow, ulica 338;5;2017-01-14;source338;991;7;355
339;2018-07-09;moscow, ulica 339;2;2017-02-20;source339;110;841;364
340;2017-12-24;moscow, ulica 340;4;2017-07-14;source340;612;459;942
341;2017-04-04;moscow, ulica 341;5;2017-06-13;source341;781;346;531
342;2018-02-28;moscow, ulica 342;3;2017-08-16;source342;522;239;297
343;2017-07-04;moscow, ulica 343;5;2018-12-12;source343;259;815;570
344;2017-10-22;moscow, ulica 344;3;2017-10-17;source344;167;802;514
345;2018-01-20;moscow, ulica 345;2;2018-10-26;source345;552;759;528
346;2017-01-04;moscow, ulica 346;2;2018-04-01;source346;238;850;421
347;2017-03-01;moscow, ulica 347;1;2017-03-23;source347;980;180;134
348;2017-03-18;moscow, ulica 348;1;2018-06-16;source348;815;994;338
349;2018-08-02;moscow, ulica 349;2;2017-10-17;source349;582;922;956
350;2017-11-14;moscow, ulica 350;3;2017-09-12;source350;316;947;19
351;2018-03-27;moscow, ulica 351;5;2018-03-03;source351;264;92;311
352;2018-09-24;moscow, ulica 352;5;2017-12-19;source352;48;450;977
353;2018-05-08;moscow, ulica 353;5;2018-08-23;source353;563;161;751
354;2017-02-01;moscow, ulica 354;2;2018-10-30;source354;480;468;67
355;2017-12-02;moscow, ulica 355;5;2018-06-15;source355;756;233;263
356;2017-04-29;moscow, ulica 356;2;2017-06-14;source356;34;101;346
357;2018-05-18;moscow, ulica 357;3;2017-05-19;source357;406;5;853
358;2017-04-29;moscow, ulica 358;1;2018-03-11;source358;563;495;878
359;2018-10-13;moscow, ulica 359;5;2018-12-26;source359;170;726;668
360;2018-09-12;moscow, ulica 360;3;2018-04-10;source360;33;585;182
361;2018-06-08;moscow, ulica 361;2;2018-01-07;source361;447;98;855
362;2017-03-05;moscow, ulica 362;3;2018-06-20;source362;361;987;974
363;2017-11-22;moscow, ulica 363;1;2017-11-23;source363;132;375;745
364;2018-03-22;moscow, ulica 364;2;2018-05-08;source364;46;295;368
365;2017-05-20;moscow, ulica 365;3;2018-12-09;source365;961;176;742
366;2017-11-24;moscow, ulica 366;3;2018-03-31;source366;337;968;757
367;2018-05-16;moscow, ulica 367;3;2017-08-12;source367;555;211;634
368;2018-09-27;moscow, ulica 368;2;2017-07-01;source368;400;441;289
369;2017-06-24;moscow, ulica 369;2;2018-03-22;source369;99;316;743
370;2018-01-05;moscow, ulica 370;3;2018-08-03;source370;878;554;962
371;2018-02-27;moscow, ulica 371;1;2018-05-04;source371;165;101;299
372;2017-05-30;moscow, ulica 372;4;2018-01-02;source372;216;774;104
373;2018-07-04;moscow, ulica 373;4;2018-05-08;source373;347;550;522
374;2018-08-25;moscow, ulica 374;3;2018-01-15;source374;115;446;359
375;2018-04-08;moscow, ulica 375;5;2018-11-04;source375;2;353;777
376;2017-02-06;moscow, ulica 376;3;2018-02-09;source376;551;975;491
377;2017-03-15;moscow, ulica 377;2;2018-10-31;source377;469;489;660
378;2018-03-07;moscow, ulica 378;2;2017-11-10;source378;702;129;363
379;2018-10-29;moscow, ulica 379;5;2017-09-16;source379;218;251;245
380;2018-09-24;moscow, ulica 380;1;2018-04-29;source380;288;279;7
381;2018-09-19;moscow, ulica 381;2;2018-11-05;source381;130;600;70
382;2017-10-15;moscow, ulica 382;2;2017-06-25;source382;65;285;126
383;2018-09-12;moscow, ulica 383;1;2018-01-17;source383;346;784;807
384;2017-01-22;moscow, ulica 384;2;2018-03-21;source384;7;458;459
385;2018-08-25;moscow, ulica 385;5;2018-02-04;source385;518;915;354
386;2017-12-14;moscow, ulica 386;1;2018-03-17;source386;122;916;960
387;2018-05-12;moscow, ulica 387;1;2018-12-13;source387;418;452;716
388;2017-03-25;moscow, ulica 388;1;2018-02-02;source388;9;561;750
389;2017-11-10;moscow, ulica 389;4;2018-04-07;source389;199;190;361
390;2018-07-28;moscow, ulica 390;4;2017-04-21;source390;807;202;307
391;2018-07-11;moscow, ulica 391;1;2018-11-05;source391;902;223;63
392;2018-06-16;moscow, ulica 392;3;2017-01-12;source392;319;646;566
393;2018-04-17;moscow, ulica 393;2;2018-05-07;source393;851;773;331
394;2018-06-28;moscow, ulica 394;1;2018-10-17;source394;764;479;356
395;2018-09-11;moscow, ulica 395;4;2018-02-07;source395;720;821;672
396;2017-09-25;moscow, ulica 396;5;2017-06-06;source396;231;766;581
397;2017-02-19;moscow, ulica 397;3;2018-10-01;source397;618;566;827
398;2017-10-08;moscow, ulica 398;1;2017-12-24;source398;934;508;445
399;2018-03-13;moscow, ulica 399;4;2018-12-27;source399;627;563;498
400;2018-10-26;moscow, ulica 400;1;2017-09-03;source400;439;937;37
401;2017-02-17;moscow, ulica 401;1;2018-01-07;source401;349;431;515
402;2017-09-17;moscow, ulica 402;3;2018-01-30;source402;685;881;480
403;2018-04-23;moscow, ulica 403;1;2017-04-02;source403;995;786;664
404;2017-10-11;moscow, ulica 404;2;2018-11-12;source404;807;952;623
405;2017-11-19;moscow, ulica 405;5;2017-06-28;source405;381;331;114
406;2018-02-07;moscow, ulica 406;2;2017-03-06;source406;993;164;312
407;2017-10-20;moscow, ulica 407;3;2018-10-10;source407;784;474;336
408;2017-08-22;moscow, ulica 408;3;2017-01-14;source408;448;444;172
409;2018-01-07;moscow, ulica 409;3;2018-04-16;source409;169;863;580
410;2018-02-15;moscow, ulica 410;4;2018-04-08;source410;500;699;857
411;2017-10-24;moscow, ulica 411;3;2018-09-13;source411;112;393;490
412;2017-10-29;moscow, ulica 412;4;2017-08-18;source412;422;361;48
413;2017-02-21;moscow, ulica 413;1;2018-05-17;source413;366;504;510
414;2018-05-16;moscow, ulica 414;1;2017-06-18;source414;840;433;379
415;2018-10-21;moscow, ulica 415;4;2017-02-06;source415;749;905;968
416;2017-05-17;moscow, ulica 416;5;2017-08-14;source416;270;131;997
417;2018-03-08;moscow, ulica 417;1;2017-03-20;source417;181;170;549
418;2017-04-04;moscow, ulica 418;5;2018-02-01;source418;693;218;677
419;2017-11-05;moscow, ulica 419;2;2017-12-21;source419;907;188;690
420;2017-10-23;moscow, ulica 420;5;2018-08-01;source420;60;896;405
421;2018-11-27;moscow, ulica 421;1;2017-03-25;source421;579;353;48
422;2018-07-16;moscow, ulica 422;3;2017-04-01;source422;299;852;512
423;2018-02-09;moscow, ulica 423;1;2017-10-06;source423;887;488;890
424;2018-12-01;moscow, ulica 424;1;2018-11-05;source424;19;67;101
425;2018-12-29;moscow, ulica 425;4;2018-05-12;source425;536;682;619
426;2018-01-28;moscow, ulica 426;1;2017-11-28;source426;169;847;500
427;2017-12-09;moscow, ulica 427;3;2017-05-30;source427;350;625;545
428;2017-02-01;moscow, ulica 428;5;2018-02-09;source428;731;819;368
429;2017-01-14;moscow, ulica 429;1;2018-02-14;source429;946;449;200
430;2017-12-25;moscow, ulica 430;4;2017-07-08;source430;684;437;815
431;2018-05-24;moscow, ulica 431;5;2018-05-24;source431;122;754;593
432;2018-09-24;moscow, ulica 432;4;2018-10-05;source432;8;159;818
433;2018-05-13;moscow, ulica 433;2;2017-06-14;source433;897;101;187
434;2017-03-24;moscow, ulica 434;2;2018-07-10;source434;805;999;243
435;2018-01-15;moscow, ulica 435;1;2018-10-31;source435;20;98;635
436;2017-03-05;moscow, ulica 436;5;2018-01-06;source436;665;42;776
437;2018-12-16;moscow, ulica 437;5;2018-05-22;source437;499;64;136
438;2017-05-06;moscow, ulica 438;3;2018-07-23;source438;340;41;145
439;2018-01-12;moscow, ulica 439;1;2017-02-18;source439;864;167;133
440;2018-03-31;moscow, ulica 440;4;2018-10-03;source440;423;251;105
441;2018-02-11;moscow, ulica 441;5;2017-01-02;source441;412;18;95
442;2017-01-13;moscow, ulica 442;1;2017-02-27;source442;685;575;603
443;2018-01-11;moscow, ulica 443;5;2017-01-01;source443;164;627;682
444;2018-11-21;moscow, ulica 444;2;2018-07-09;source444;673;824;630
445;2018-12-08;moscow, ulica 445;3;2017-03-21;source445;335;93;952
446;2018-01-09;moscow, ulica 446;1;2018-06-22;source446;441;555;369
447;2018-09-20;moscow, ulica 447;3;2017-01-13;source447;390;38;128
448;2017-02-23;moscow, ulica 448;5;2017-02-16;source448;902;388;362
449;2017-06-21;moscow, ulica 449;1;2017-08-05;source449;640;506;856
450;2018-10-08;moscow, ulica 450;2;2017-07-09;source450;787;547;778
451;2017-06-26;moscow, ulica 451;5;2017-06-12;source451;551;561;962
452;2017-08-19;moscow, ulica 452;1;2017-08-20;source452;721;597;386
453;2017-10-24;moscow, ulica 453;2;2018-08-06;source453;594;258;876
454;2017-07-11;moscow, ulica 454;1;2017-11-21;source454;61;275;804
455;2018-03-30;moscow, ulica 455;1;2017-10-18;source455;357;952;279
456;2017-08-04;moscow, ulica 456;2;2018-09-10;source456;789;501;771
457;2017-06-14;moscow, ulica 457;4;2017-03-02;source457;298;811;993
458;2018-04-22;moscow, ulica 458;5;2017-11-05;source458;262;21;798
459;2018-07-16;moscow, ulica 459;4;2018-04-16;source459;545;641;621
460;2017-10-08;moscow, ulica 460;3;2017-09-04;source460;369;813;506
461;2017-03-03;moscow, ulica 461;2;2017-02-21;source461;88;489;832
462;2018-09-17;moscow, ulica 462;4;2018-04-05;source462;763;609;483
463;2017-09-25;moscow, ulica 463;3;2017-01-04;source463;191;22;457
464;2018-10-26;moscow, ulica 464;5;2017-02-22;source464;286;966;951
465;2017-01-03;moscow, ulica 465;4;2018-03-10;source465;179;723;956
466;2017-01-27;moscow, ulica 466;5;2017-11-14;source466;85;116;548
467;2018-12-02;moscow, ulica 467;3;2018-08-13;source467;764;253;308
468;2017-02-14;moscow, ulica 468;5;2018-05-06;source468;927;47;306
469;2018-11-20;moscow, ulica 469;2;2017-03-28;source469;950;962;889
470;2018-01-16;moscow, ulica 470;5;2018-03-26;source470;71;443;93
471;2018-08-26;moscow, ulica 471;4;2018-02-11;source471;391;72;14
472;2018-08-18;moscow, ulica 472;2;2017-08-20;source472;258;689;433
473;2017-11-27;moscow, ulica 473;5;2017-10-27;source473;77;760;329
474;2017-10-20;moscow, ulica 474;4;2017-01-23;source474;230;655;583
475;2018-06-22;moscow, ulica 475;1;2017-10-19;source475;84;345;184
476;2018-05-16;moscow, ulica 476;3;2018-10-12;source476;573;486;343
477;2017-09-05;moscow, ulica 477;1;2018-10-29;source477;952;857;721
478;2017-03-11;moscow, ulica 478;5;2018-03-26;source478;355;11;697
479;2018-09-29;moscow, ulica 479;3;2018-05-25;source479;97;313;184
480;2017-01-17;moscow, ulica 480;4;2017-06-21;source480;308;460;388
481;2017-09-30;moscow, ulica 481;2;2018-01-27;source481;70;769;391
482;2017-03-29;moscow, ulica 482;4;2018-06-10;source482;857;611;464
483;2017-02-11;moscow, ulica 483;5;2017-03-06;source483;235;931;686
484;2018-04-25;moscow, ulica 484;3;2017-03-16;source484;799;255;877
485;2017-05-27;moscow, ulica 485;1;2018-01-04;source485;944;881;239
486;2018-03-16;moscow, ulica 486;1;2017-01-05;source486;975;104;160
487;2017-10-05;moscow, ulica 487;1;2018-06-13;source487;869;722;782
488;2018-01-15;moscow, ulica 488;3;2017-09-19;source488;927;878;357
489;2018-05-13;moscow, ulica 489;4;2017-04-08;source489;501;564;848
490;2017-10-06;moscow, ulica 490;3;2017-02-03;source490;610;21;472
491;2018-11-29;moscow, ulica 491;1;2017-11-24;source491;495;450;2
492;2017-11-12;moscow, ulica 492;5;2018-03-11;source492;995;831;464
493;2017-06-28;moscow, ulica 493;3;2017-01-20;source493;269;937;467
494;2017-08-18;moscow, ulica 494;2;2017-08-22;source494;528;397;940
495;2018-07-17;moscow, ulica 495;3;2018-06-09;source495;330;368;897
496;2018-04-25;moscow, ulica 496;5;2018-02-11;source496;952;174;844
497;2018-09-24;moscow, ulica 497;4;2018-08-22;source497;612;369;736
498;2017-07-27;moscow, ulica 498;4;2017-05-05;source498;904;488;405
499;2018-02-05;moscow, ulica 499;3;2018-01-28;source499;898;824;534
500;2018-01-09;moscow, ulica 500;4;2017-05-09;source500;130;368;540
501;2017-09-25;moscow, ulica 501;2;2017-05-25;source501;255;699;8
502;2018-05-02;moscow, ulica 502;1;2018-05-27;source502;192;164;467
503;2017-11-06;moscow, ulica 503;4;2018-02-05;source503;371;77;228
504;2018-05-20;moscow, ulica 504;4;2018-04-09;source504;978;738;337
505;2018-04-25;moscow, ulica 505;2;2017-04-25;source505;933;230;868
506;2018-10-29;moscow, ulica 506;4;2018-08-02;source506;732;52;521
507;2017-09-22;moscow, ulica 507;3;2018-07-01;source507;175;642;525
508;2018-05-26;moscow, ulica 508;5;2018-12-01;source508;307;203;963
509;2017-11-08;moscow, ulica 509;5;2017-11-08;source509;160;424;234
510;2018-10-13;moscow, ulica 510;2;2018-10-06;source510;595;851;610
511;2017-02-20;moscow, ulica 511;3;2017-05-18;source511;181;318;255
512;2018-10-03;moscow, ulica 512;3;2018-07-05;source512;771;24;519
513;2018-07-17;moscow, ulica 513;2;2018-12-20;source513;457;958;357
514;2017-10-25;moscow, ulica 514;5;2017-09-26;source514;975;976;451
515;2018-08-06;moscow, ulica 515;5;2017-08-31;source515;140;645;13
516;2017-07-12;moscow, ulica 516;2;2017-07-06;source516;738;6;703
517;2017-03-17;moscow, ulica 517;3;2017-06-12;source517;720;281;552
518;2018-01-05;moscow, ulica 518;5;2018-05-16;source518;665;145;111
519;2018-12-06;moscow, ulica 519;2;2017-10-23;source519;145;576;95
520;2018-08-20;moscow, ulica 520;3;2017-01-12;source520;746;620;484
521;2018-06-30;moscow, ulica 521;2;2019-01-01;source521;822;525;916
522;2017-08-28;moscow, ulica 522;5;2017-06-04;source522;960;129;18
523;2018-11-14;moscow, ulica 523;4;2018-09-02;source523;428;408;385
524;2018-12-17;moscow, ulica 524;2;2018-07-18;source524;605;856;633
525;2017-08-21;moscow, ulica 525;2;2018-08-14;source525;236;850;949
526;2017-09-02;moscow, ulica 526;5;2017-07-22;source526;205;297;368
527;2017-02-21;moscow, ulica 527;5;2017-06-11;source527;632;269;609
528;2018-09-09;moscow, ulica 528;2;2017-11-27;source528;398;386;554
529;2017-07-09;moscow, ulica 529;3;2018-11-01;source529;899;331;867
530;2018-10-15;moscow, ulica 530;1;2017-01-09;source530;372;363;729
531;2017-07-08;moscow, ulica 531;3;2018-08-18;source531;658;900;313
532;2017-03-02;moscow, ulica 532;5;2017-02-10;source532;143;493;617
533;2017-02-05;moscow, ulica 533;5;2017-07-13;source533;329;610;147
534;2017-11-20;moscow, ulica 534;3;2017-07-01;source534;690;931;140
535;2017-12-15;moscow, ulica 535;3;2018-04-07;source535;25;827;462
536;2018-12-09;moscow, ulica 536;2;2018-12-18;source536;617;811;156
537;2018-04-06;moscow, ulica 537;5;2017-05-18;source537;218;644;685
538;2017-09-11;moscow, ulica 538;4;2018-08-13;source538;137;714;732
539;2017-07-05;moscow, ulica 539;5;2017-12-24;source539;25;354;25
540;2018-01-21;moscow, ulica 540;3;2018-04-22;source540;170;916;834
541;2018-11-04;moscow, ulica 541;5;2017-01-05;source541;923;813;309
542;2018-08-24;moscow, ulica 542;2;2017-12-14;source542;901;519;872
543;2017-04-20;moscow, ulica 543;3;2017-07-23;source543;178;245;860
544;2018-09-29;moscow, ulica 544;1;2017-01-14;source544;102;417;323
545;2017-01-22;moscow, ulica 545;5;2017-05-14;source545;25;871;616
546;2018-04-02;moscow, ulica 546;3;2017-06-21;source546;928;504;266
547;2018-11-08;moscow, ulica 547;5;2017-04-14;source547;98;995;35
548;2018-06-25;moscow, ulica 548;3;2017-07-23;source548;946;633;460
549;2018-10-15;moscow, ulica 549;5;2018-08-09;source549;475;237;461
550;2017-05-14;moscow, ulica 550;3;2017-11-17;source550;248;254;864
551;2018-07-05;moscow, ulica 551;2;2018-09-09;source551;334;455;757
552;2017-05-08;moscow, ulica 552;1;2017-05-02;source552;845;352;69
553;2018-02-15;moscow, ulica 553;2;2017-12-18;source553;96;394;69
554;2018-09-21;moscow, ulica 554;2;2017-08-27;source554;595;556;171
555;2018-07-16;moscow, ulica 555;5;2017-08-06;source555;889;981;487
556;2017-07-06;moscow, ulica 556;5;2018-09-08;source556;323;26;81
557;2018-05-11;moscow, ulica 557;3;2017-10-31;source557;64;884;830
558;2017-04-26;moscow, ulica 558;5;2017-04-28;source558;913;543;155
559;2018-07-09;moscow, ulica 559;2;2017-12-03;source559;348;983;907
560;2017-02-01;moscow, ulica 560;1;2018-01-03;source560;704;438;876
561;2017-04-17;moscow, ulica 561;1;2018-11-09;source561;902;1;603
562;2017-10-13;moscow, ulica 562;2;2017-08-23;source562;813;702;708
563;2017-08-04;moscow, ulica 563;1;2018-08-24;source563;839;575;601
564;2017-01-11;moscow, ulica 564;4;2017-07-03;source564;206;259;626
565;2017-06-15;moscow, ulica 565;5;2018-05-07;source565;402;589;865
566;2018-06-27;moscow, ulica 566;2;2017-07-06;source566;669;333;61
567;2017-11-14;moscow, ulica 567;1;2017-03-09;source567;260;738;780
568;2017-08-10;moscow, ulica 568;3;2017-03-16;source568;212;159;288
569;2017-10-31;moscow, ulica 569;2;2017-01-17;source569;599;652;532
570;2017-11-28;moscow, ulica 570;2;2017-08-09;source570;111;343;997
571;2018-03-08;moscow, ulica 571;3;2017-02-26;source571;698;808;190
572;2018-10-30;moscow, ulica 572;5;2018-03-13;source572;240;520;876
573;2017-12-08;moscow, ulica 573;2;2017-09-18;source573;567;948;648
574;2018-05-05;moscow, ulica 574;2;2017-01-11;source574;186;696;254
575;2018-06-27;moscow, ulica 575;2;2018-09-22;source575;358;993;627
576;2017-10-27;moscow, ulica 576;1;2017-04-27;source576;145;503;788
577;2017-11-21;moscow, ulica 577;4;2017-10-06;source577;678;695;523
578;2017-01-27;moscow, ulica 578;3;2017-12-09;source578;359;810;464
579;2018-11-08;moscow, ulica 579;1;2018-05-28;source579;585;740;377
580;2017-06-24;moscow, ulica 580;3;2017-05-19;source580;493;530;905
581;2018-02-09;moscow, ulica 581;2;2018-11-09;source581;787;133;236
582;2018-03-13;moscow, ulica 582;3;2017-06-19;source582;32;706;992
583;2017-01-07;moscow, ulica 583;3;2018-02-25;source583;251;773;28
584;2018-11-21;moscow, ulica 584;4;2017-07-14;source584;430;285;979
585;2018-03-20;moscow, ulica 585;5;2018-05-11;source585;112;859;252
586;2018-11-29;moscow, ulica 586;1;2017-03-15;source586;459;425;909
587;2017-05-20;moscow, ulica 587;3;2017-10-08;source587;913;469;709
588;2017-01-30;moscow, ulica 588;5;2018-05-30;source588;394;143;226
589;2017-06-23;moscow, ulica 589;4;2018-12-08;source589;529;263;614
590;2017-02-05;moscow, ulica 590;2;2018-05-20;source590;235;818;791
591;2018-02-06;moscow, ulica 591;5;2017-04-30;source591;326;64;928
592;2018-11-04;moscow, ulica 592;3;2017-04-11;source592;645;391;57
593;2017-07-22;moscow, ulica 593;4;2017-04-13;source593;324;172;519
594;2018-08-15;moscow, ulica 594;3;2018-09-05;source594;754;583;467
595;2018-10-02;moscow, ulica 595;4;2017-07-17;source595;446;873;230
596;2018-10-28;moscow, ulica 596;2;2018-05-22;source596;999;190;701
597;2018-12-11;moscow, ulica 597;4;2018-12-22;source597;986;77;383
598;2017-06-15;moscow, ulica 598;3;2017-08-25;source598;999;10;83
599;2018-09-05;moscow, ulica 599;4;2017-10-31;source599;66;761;680
600;2017-06-07;moscow, ulica 600;5;2018-03-21;source600;93;343;468
601;2017-07-28;moscow, ulica 601;4;2018-03-20;source601;243;585;377
602;2018-03-11;moscow, ulica 602;5;2018-09-23;source602;868;21;759
603;2017-06-16;moscow, ulica 603;2;2018-12-28;source603;417;575;769
604;2018-10-10;moscow, ulica 604;1;2018-05-04;source604;224;970;508
605;2017-04-19;moscow, ulica 605;3;2017-04-05;source605;687;814;538
606;2017-10-24;moscow, ulica 606;2;2018-07-23;source606;192;273;223
607;2017-11-07;moscow, ulica 607;3;2017-09-23;source607;334;68;386
608;2018-02-05;moscow, ulica 608;2;2018-03-30;source608;536;357;775
609;2017-02-06;moscow, ulica 609;4;2018-07-14;source609;332;342;864
610;2018-05-12;moscow, ulica 610;5;2017-04-22;source610;555;425;811
611;2018-03-17;moscow, ulica 611;4;2017-12-25;source611;71;897;874
612;2017-10-11;moscow, ulica 612;3;2018-08-06;source612;111;890;699
613;2018-02-06;moscow, ulica 613;3;2018-12-31;source613;677;839;361
614;2018-05-05;moscow, ulica 614;5;2018-02-25;source614;973;696;913
615;2017-06-26;moscow, ulica 615;3;2017-02-28;source615;775;481;416
616;2017-05-22;moscow, ulica 616;4;2018-05-11;source616;7;424;135
617;2017-05-30;moscow, ulica 617;2;2018-03-09;source617;627;699;848
618;2017-07-14;moscow, ulica 618;2;2017-12-18;source618;980;914;92
619;2018-07-03;moscow, ulica 619;3;2017-07-28;source619;311;371;806
620;2018-06-24;moscow, ulica 620;3;2017-03-25;source620;197;257;164
621;2017-06-17;moscow, ulica 621;4;2018-01-12;source621;211;400;253
622;2018-02-18;moscow, ulica 622;3;2018-03-18;source622;69;392;487
623;2017-06-15;moscow, ulica 623;5;2018-09-21;source623;742;981;635
624;2018-12-07;moscow, ulica 624;1;2018-10-21;source624;651;559;666
625;2017-10-01;moscow, ulica 625;2;2017-03-27;source625;826;438;205
626;2017-02-24;moscow, ulica 626;1;2018-03-30;source626;315;632;338
627;2018-06-02;moscow, ulica 627;2;2018-04-08;source627;878;544;758
628;2018-06-26;moscow, ulica 628;4;2018-11-02;source628;869;957;612
629;2017-02-07;moscow, ulica 629;4;2018-01-19;source629;255;948;781
630;2017-11-02;moscow, ulica 630;1;2017-01-10;source630;268;378;894
631;2018-01-30;moscow, ulica 631;3;2018-10-26;source631;84;147;717
632;2017-10-12;moscow, ulica 632;3;2017-06-25;source632;142;373;24
633;2017-08-25;moscow, ulica 633;1;2018-11-12;source633;265;561;184
634;2017-09-11;moscow, ulica 634;4;2018-01-21;source634;567;394;690
635;2017-01-25;moscow, ulica 635;4;2017-09-06;source635;985;938;526
636;2018-02-16;moscow, ulica 636;1;2017-12-13;source636;627;53;269
637;2017-01-08;moscow, ulica 637;5;2018-12-04;source637;32;104;374
638;2018-10-02;moscow, ulica 638;4;2017-11-17;source638;19;58;746
639;2018-09-30;moscow, ulica 639;2;2018-02-18;source639;289;736;890
640;2018-11-29;moscow, ulica 640;3;2018-06-09;source640;433;833;588
641;2018-02-13;moscow, ulica 641;1;2017-11-22;source641;505;772;899
642;2017-08-17;moscow, ulica 642;3;2017-12-17;source642;106;263;91
643;2018-08-15;moscow, ulica 643;5;2018-06-30;source643;532;88;922
644;2018-11-12;moscow, ulica 644;4;2017-06-07;source644;687;489;621
645;2017-12-21;moscow, ulica 645;5;2017-10-16;source645;638;866;83
646;2017-07-30;moscow, ulica 646;2;2018-04-15;source646;350;19;672
647;2018-11-07;moscow, ulica 647;5;2018-12-08;source647;582;861;243
648;2017-02-19;moscow, ulica 648;4;2018-10-18;source648;681;725;213
649;2017-09-19;moscow, ulica 649;1;2018-11-06;source649;958;657;586
650;2017-12-29;moscow, ulica 650;5;2017-06-14;source650;599;2;887
651;2017-11-13;moscow, ulica 651;1;2018-02-25;source651;291;948;808
652;2018-03-11;moscow, ulica 652;2;2018-12-18;source652;547;725;243
653;2018-06-18;moscow, ulica 653;5;2018-08-30;source653;172;161;967
654;2018-09-17;moscow, ulica 654;5;2017-03-16;source654;979;519;693
655;2017-11-04;moscow, ulica 655;2;2018-01-12;source655;791;18;601
656;2017-10-08;moscow, ulica 656;2;2018-05-13;source656;937;144;511
657;2017-04-10;moscow, ulica 657;2;2017-10-04;source657;442;953;475
658;2017-09-29;moscow, ulica 658;2;2017-04-30;source658;1;820;21
659;2017-06-19;moscow, ulica 659;3;2018-01-31;source659;602;571;975
660;2017-08-08;moscow, ulica 660;1;2018-11-16;source660;28;231;181
661;2018-03-15;moscow, ulica 661;5;2018-10-21;source661;310;764;758
662;2017-10-08;moscow, ulica 662;5;2017-08-07;source662;467;597;392
663;2018-04-22;moscow, ulica 663;1;2018-04-25;source663;488;16;65
664;2018-10-20;moscow, ulica 664;1;2017-05-03;source664;18;836;500
665;2017-01-28;moscow, ulica 665;5;2017-02-05;source665;741;930;256
666;2018-05-03;moscow, ulica 666;5;2018-12-14;source666;926;514;432
667;2018-12-12;moscow, ulica 667;4;2017-09-06;source667;846;855;438
668;2017-01-05;moscow, ulica 668;3;2017-08-20;source668;701;802;148
669;2017-04-13;moscow, ulica 669;1;2018-07-18;source669;800;904;939
670;2018-11-07;moscow, ulica 670;4;2018-11-08;source670;173;1;816
671;2018-12-25;moscow, ulica 671;2;2017-12-21;source671;336;388;478
672;2017-07-18;moscow, ulica 672;4;2018-01-21;source672;604;92;675
673;2017-12-06;moscow, ulica 673;3;2018-08-19;source673;730;75;158
674;2017-01-09;moscow, ulica 674;4;2018-01-05;source674;409;556;510
675;2018-01-09;moscow, ulica 675;5;2017-06-02;source675;106;633;912
676;2017-07-26;moscow, ulica 676;4;2018-01-23;source676;253;493;177
677;2018-11-19;moscow, ulica 677;1;2017-06-28;source677;136;572;948
678;2017-09-17;moscow, ulica 678;4;2017-05-17;source678;274;692;940
679;2017-12-19;moscow, ulica 679;2;2017-10-27;source679;388;824;386
680;2017-04-13;moscow, ulica 680;3;2017-01-17;source680;457;956;218
681;2017-11-07;moscow, ulica 681;2;2017-07-06;source681;480;735;348
682;2017-12-01;moscow, ulica 682;4;2018-02-14;source682;121;244;793
683;2018-09-20;moscow, ulica 683;4;2018-12-06;source683;635;367;573
684;2017-06-20;moscow, ulica 684;3;2017-08-18;source684;379;218;13
685;2017-06-20;moscow, ulica 685;3;2018-11-13;source685;46;689;492
686;2017-03-02;moscow, ulica 686;3;2017-03-10;source686;257;170;174
687;2017-11-23;moscow, ulica 687;5;2017-08-25;source687;350;290;728
688;2017-09-21;moscow, ulica 688;4;2018-10-12;source688;989;764;962
689;2018-07-18;moscow, ulica 689;1;2018-06-07;source689;924;181;894
690;2018-09-24;moscow, ulica 690;5;2017-09-14;source690;668;250;457
691;2017-02-18;moscow, ulica 691;2;2017-01-21;source691;824;376;64
692;2018-01-27;moscow, ulica 692;5;2018-05-24;source692;795;168;512
693;2018-02-24;moscow, ulica 693;3;2019-01-01;source693;722;722;429
694;2018-08-23;moscow, ulica 694;3;2017-06-03;source694;228;186;513
695;2018-05-17;moscow, ulica 695;5;2017-06-22;source695;856;132;790
696;2018-11-13;moscow, ulica 696;2;2018-06-12;source696;328;207;854
697;2017-03-15;moscow, ulica 697;3;2018-02-28;source697;55;351;465
698;2017-01-20;moscow, ulica 698;5;2018-03-01;source698;416;621;650
699;2017-01-26;moscow, ulica 699;3;2018-05-06;source699;188;258;546
700;2017-04-05;moscow, ulica 700;1;2017-04-29;source700;55;560;471
701;2017-12-12;moscow, ulica 701;5;2018-11-23;source701;201;221;68
702;2017-03-25;moscow, ulica 702;3;2017-03-28;source702;146;47;740
703;2017-09-12;moscow, ulica 703;2;2018-07-24;source703;555;549;654
704;2018-04-25;moscow, ulica 704;4;2018-12-01;source704;6;256;431
705;2017-10-27;moscow, ulica 705;1;2017-01-25;source705;900;961;419
706;2017-11-02;moscow, ulica 706;2;2017-11-15;source706;102;749;291
707;2017-12-06;moscow, ulica 707;5;2017-10-06;source707;416;830;645
708;2018-04-15;moscow, ulica 708;1;2018-02-02;source708;382;954;494
709;2018-07-23;moscow, ulica 709;5;2018-11-22;source709;788;768;486
710;2018-03-15;moscow, ulica 710;4;2018-01-01;source710;761;561;65
711;2017-04-23;moscow, ulica 711;4;2017-11-24;source711;548;307;278
712;2018-12-27;moscow, ulica 712;5;2017-08-03;source712;324;136;441
713;2017-04-17;moscow, ulica 713;1;2018-02-10;source713;113;959;322
714;2017-06-23;moscow, ulica 714;5;2018-02-19;source714;487;873;705
715;2018-05-24;moscow, ulica 715;4;2017-02-15;source715;827;846;868
716;2018-06-18;moscow, ulica 716;4;2018-06-23;source716;633;924;797
717;2017-04-27;moscow, ulica 717;2;2017-02-09;source717;264;79;904
718;2017-09-08;moscow, ulica 718;4;2018-03-30;source718;844;900;502
719;2017-03-11;moscow, ulica 719;4;2018-04-03;source719;213;996;451
720;2017-05-05;moscow, ulica 720;3;2017-08-30;source720;34;943;568
721;2018-01-30;moscow, ulica 721;1;2017-03-17;source721;726;622;808
722;2018-01-31;moscow, ulica 722;4;2017-01-01;source722;494;112;708
723;2018-02-27;moscow, ulica 723;3;2018-04-02;source723;613;267;220
724;2017-08-22;moscow, ulica 724;3;2017-02-20;source724;303;161;860
725;2017-12-23;moscow, ulica 725;3;2018-11-28;source725;681;302;317
726;2018-05-07;moscow, ulica 726;5;2017-08-17;source726;262;847;660
727;2018-01-22;moscow, ulica 727;4;2018-11-04;source727;15;240;928
728;2017-02-19;moscow, ulica 728;4;2018-04-06;source728;997;996;648
729;2017-12-19;moscow, ulica 729;4;2017-10-20;source729;24;438;152
730;2018-06-23;moscow, ulica 730;1;2018-05-14;source730;847;349;568
731;2017-04-26;moscow, ulica 731;3;2017-02-01;source731;778;829;199
732;2018-11-26;moscow, ulica 732;4;2018-01-17;source732;884;465;352
733;2017-04-21;moscow, ulica 733;1;2017-09-17;source733;113;450;482
734;2018-04-01;moscow, ulica 734;4;2018-03-18;source734;512;905;870
735;2018-03-12;moscow, ulica 735;1;2018-10-17;source735;19;616;777
736;2017-09-08;moscow, ulica 736;3;2018-06-20;source736;748;178;656
737;2017-06-10;moscow, ulica 737;3;2017-09-22;source737;491;430;725
738;2017-06-22;moscow, ulica 738;4;2017-02-15;source738;542;199;509
739;2017-09-29;moscow, ulica 739;4;2017-06-25;source739;141;567;933
740;2017-06-11;moscow, ulica 740;4;2017-12-29;source740;810;358;930
741;2018-05-05;moscow, ulica 741;5;2017-10-28;source741;330;562;740
742;2018-06-21;moscow, ulica 742;1;2017-04-15;source742;371;236;282
743;2018-07-01;moscow, ulica 743;3;2018-06-27;source743;954;898;275
744;2017-12-23;moscow, ulica 744;1;2018-01-10;source744;844;513;451
745;2018-08-26;moscow, ulica 745;3;2017-08-18;source745;537;965;397
746;2018-10-05;moscow, ulica 746;4;2018-04-02;source746;397;306;36
747;2018-07-13;moscow, ulica 747;1;2017-06-09;source747;727;718;259
748;2018-04-13;moscow, ulica 748;3;2017-07-22;source748;63;275;822
749;2018-11-25;moscow, ulica 749;1;2018-10-01;source749;633;996;230
750;2017-09-03;moscow, ulica 750;1;2017-12-19;source750;328;186;572
751;2018-10-17;moscow, ulica 751;4;2018-05-15;source751;226;224;540
752;2017-08-23;moscow, ulica 752;1;2018-12-24;source752;605;69;132
753;2017-09-04;moscow, ulica 753;1;2017-06-10;source753;174;622;866
754;2017-10-27;moscow, ulica 754;2;2017-08-04;source754;512;63;41
755;2018-10-31;moscow, ulica 755;2;2017-11-18;source755;659;833;29
756;2017-03-23;moscow, ulica 756;5;2018-06-23;source756;136;285;544
757;2018-09-13;moscow, ulica 757;5;2018-03-04;source757;989;772;38
758;2017-08-07;moscow, ulica 758;3;2017-01-12;source758;672;763;721
759;2017-12-06;moscow, ulica 759;1;2018-10-23;source759;978;11;686
760;2018-01-07;moscow, ulica 760;3;2017-12-25;source760;783;186;93
761;2017-04-10;moscow, ulica 761;4;2018-11-25;source761;489;140;794
762;2018-02-23;moscow, ulica 762;3;2018-11-07;source762;368;10;853
763;2018-11-27;moscow, ulica 763;4;2017-10-07;source763;455;13;983
764;2017-06-05;moscow, ulica 764;3;2017-08-20;source764;366;904;232
765;2018-09-16;moscow, ulica 765;1;2017-01-28;source765;601;992;632
766;2017-07-16;moscow, ulica 766;1;2017-11-23;source766;326;105;81
767;2018-01-25;moscow, ulica 767;3;2017-04-06;source767;773;545;285
768;2018-06-04;moscow, ulica 768;3;2018-02-21;source768;496;602;126
769;2018-06-23;moscow, ulica 769;2;2018-10-13;source769;765;118;246
770;2017-03-03;moscow, ulica 770;2;2018-11-13;source770;505;807;575
771;2018-03-03;moscow, ulica 771;1;2018-09-06;source771;3;708;665
772;2017-10-22;moscow, ulica 772;3;2017-10-23;source772;855;354;637
773;2018-03-01;moscow, ulica 773;2;2018-12-26;source773;254;875;796
774;2017-10-17;moscow, ulica 774;2;2018-07-10;source774;309;805;317
775;2018-04-13;moscow, ulica 775;3;2018-07-20;source775;266;458;186
776;2018-07-25;moscow, ulica 776;4;2018-02-18;source776;917;608;153
777;2018-03-15;moscow, ulica 777;2;2018-12-16;source777;722;843;423
778;2018-07-31;moscow, ulica 778;2;2017-08-05;source778;565;205;601
779;2017-10-08;moscow, ulica 779;4;2018-06-20;source779;78;865;29
780;2018-09-15;moscow, ulica 780;4;2017-11-07;source780;16;672;292
781;2018-04-01;moscow, ulica 781;4;2018-07-16;source781;229;432;877
782;2018-06-27;moscow, ulica 782;4;2018-08-27;source782;571;886;969
783;2018-12-24;moscow, ulica 783;3;2018-02-25;source783;139;109;795
784;2017-04-21;moscow, ulica 784;4;2017-03-03;source784;284;611;59
785;2018-09-25;moscow, ulica 785;5;2017-10-24;source785;267;232;669
786;2017-12-25;moscow, ulica 786;3;2017-10-17;source786;99;277;786
787;2017-09-27;moscow, ulica 787;4;2017-12-01;source787;834;881;411
788;2018-06-09;moscow, ulica 788;3;2018-01-23;source788;820;969;26
789;2017-01-23;moscow, ulica 789;1;2017-08-21;source789;204;755;84
790;2017-04-04;moscow, ulica 790;4;2017-08-15;source790;830;666;621
791;2017-07-11;moscow, ulica 791;4;2017-06-19;source791;586;567;424
792;2018-07-19;moscow, ulica 792;1;2017-10-23;source792;678;576;624
793;2017-02-19;moscow, ulica 793;4;2017-08-15;source793;525;7;431
794;2017-11-30;moscow, ulica 794;5;2018-03-03;source794;168;230;780
795;2017-05-29;moscow, ulica 795;4;2017-11-02;source795;33;325;973
796;2017-07-29;moscow, ulica 796;2;2017-05-02;source796;469;311;511
797;2018-02-15;moscow, ulica 797;2;2018-05-09;source797;472;356;245
798;2017-07-02;moscow, ulica 798;3;2018-08-27;source798;270;357;233
799;2018-09-09;moscow, ulica 799;2;2018-09-26;source799;209;215;7
800;2018-05-11;moscow, ulica 800;2;2017-03-07;source800;318;947;805
801;2017-02-04;moscow, ulica 801;4;2018-09-26;source801;906;688;635
802;2018-01-15;moscow, ulica 802;2;2018-12-08;source802;3;192;346
803;2017-07-14;moscow, ulica 803;3;2017-12-18;source803;644;575;123
804;2018-07-13;moscow, ulica 804;3;2018-10-21;source804;817;791;915
805;2018-11-27;moscow, ulica 805;1;2018-02-14;source805;820;558;675
806;2018-01-02;moscow, ulica 806;3;2017-12-17;source806;725;843;241
807;2018-01-22;moscow, ulica 807;3;2017-04-25;source807;735;55;343
808;2018-06-02;moscow, ulica 808;5;2017-10-21;source808;9;906;856
809;2018-06-28;moscow, ulica 809;5;2018-06-28;source809;621;234;847
810;2018-01-26;moscow, ulica 810;1;2018-04-01;source810;224;426;368
811;2017-06-13;moscow, ulica 811;2;2018-05-12;source811;21;265;704
812;2017-05-24;moscow, ulica 812;3;2018-12-08;source812;937;289;880
813;2017-02-19;moscow, ulica 813;5;2018-04-13;source813;74;431;942
814;2018-06-18;moscow, ulica 814;2;2018-12-03;source814;154;47;74
815;2018-02-01;moscow, ulica 815;4;2017-09-25;source815;983;501;878
816;2018-12-14;moscow, ulica 816;5;2017-07-07;source816;130;71;224
817;2018-03-20;moscow, ulica 817;3;2017-06-13;source817;15;52;859
818;2018-02-22;moscow, ulica 818;5;2018-01-28;source818;596;41;842
819;2018-07-13;moscow, ulica 819;5;2018-10-01;source819;239;445;816
820;2018-06-30;moscow, ulica 820;4;2017-09-23;source820;907;315;532
821;2017-03-14;moscow, ulica 821;4;2017-10-30;source821;864;823;415
822;2017-10-07;moscow, ulica 822;2;2018-03-02;source822;657;338;564
823;2018-12-02;moscow, ulica 823;1;2018-04-13;source823;320;117;345
824;2018-07-17;moscow, ulica 824;2;2018-09-01;source824;185;501;453
825;2018-02-08;moscow, ulica 825;1;2018-08-15;source825;978;347;252
826;2017-04-01;moscow, ulica 826;5;2018-08-13;source826;723;551;923
827;2018-07-04;moscow, ulica 827;3;2017-10-04;source827;894;763;280
828;2018-11-09;moscow, ulica 828;1;2018-09-15;source828;825;918;891
829;2018-01-02;moscow, ulica 829;4;2018-06-14;source829;646;126;930
830;2018-03-31;moscow, ulica 830;3;2017-05-03;source830;702;786;677
831;2017-11-16;moscow, ulica 831;4;2018-02-17;source831;345;758;705
832;2017-07-06;moscow, ulica 832;5;2017-01-22;source832;805;135;665
833;2017-10-06;moscow, ulica 833;4;2017-03-30;source833;291;842;908
834;2018-04-16;moscow, ulica 834;4;2018-04-12;source834;888;603;148
835;2017-05-06;moscow, ulica 835;4;2018-08-18;source835;211;702;22
836;2018-09-30;moscow, ulica 836;5;2017-05-18;source836;978;794;18
837;2017-08-30;moscow, ulica 837;2;2018-10-11;source837;275;274;847
838;2018-01-28;moscow, ulica 838;1;2018-12-27;source838;80;798;917
839;2017-02-06;moscow, ulica 839;2;2018-07-18;source839;927;777;931
840;2018-11-13;moscow, ulica 840;5;2018-07-23;source840;491;368;763
841;2018-01-22;moscow, ulica 841;3;2017-04-10;source841;938;237;39
842;2018-05-08;moscow, ulica 842;5;2017-03-21;source842;201;455;124
843;2018-09-28;moscow, ulica 843;1;2017-09-22;source843;15;3;656
844;2018-08-07;moscow, ulica 844;5;2018-09-29;source844;124;666;960
845;2018-05-03;moscow, ulica 845;5;2017-10-19;source845;318;387;722
846;2018-01-31;moscow, ulica 846;3;2018-08-18;source846;28;416;246
847;2018-12-15;moscow, ulica 847;4;2017-12-30;source847;446;737;681
848;2017-10-26;moscow, ulica 848;5;2018-12-12;source848;371;530;664
849;2018-05-10;moscow, ulica 849;2;2017-09-30;source849;25;923;930
850;2017-05-29;moscow, ulica 850;2;2017-05-15;source850;941;550;675
851;2018-01-23;moscow, ulica 851;3;2017-02-21;source851;787;232;408
852;2017-11-01;moscow, ulica 852;1;2017-09-23;source852;834;467;972
853;2017-03-13;moscow, ulica 853;2;2018-02-04;source853;523;418;110
854;2017-07-09;moscow, ulica 854;5;2018-04-24;source854;731;847;608
855;2018-04-15;moscow, ulica 855;3;2018-05-28;source855;788;819;87
856;2017-05-12;moscow, ulica 856;4;2018-02-13;source856;912;125;637
857;2017-08-28;moscow, ulica 857;2;2017-12-16;source857;509;930;665
858;2017-01-31;moscow, ulica 858;3;2017-03-23;source858;485;584;637
859;2018-09-17;moscow, ulica 859;4;2017-04-14;source859;603;379;731
860;2017-01-04;moscow, ulica 860;2;2017-06-25;source860;140;633;380
861;2017-02-02;moscow, ulica 861;5;2018-05-29;source861;959;379;480
862;2018-01-05;moscow, ulica 862;1;2018-03-24;source862;584;851;20
863;2017-04-08;moscow, ulica 863;3;2017-05-08;source863;520;81;594
864;2017-02-15;moscow, ulica 864;4;2017-04-20;source864;130;47;197
865;2017-06-23;moscow, ulica 865;3;2018-11-15;source865;934;393;123
866;2017-07-15;moscow, ulica 866;5;2017-06-06;source866;469;144;73
867;2018-01-23;moscow, ulica 867;1;2017-07-02;source867;952;424;366
868;2018-10-12;moscow, ulica 868;1;2018-06-22;source868;47;5;614
869;2017-07-25;moscow, ulica 869;4;2018-11-27;source869;580;190;717
870;2018-06-19;moscow, ulica 870;3;2018-02-01;source870;952;85;185
871;2017-12-21;moscow, ulica 871;3;2017-01-07;source871;755;3;760
872;2018-06-24;moscow, ulica 872;5;2018-02-24;source872;363;856;435
873;2018-05-01;moscow, ulica 873;4;2017-10-24;source873;874;717;961
874;2017-03-18;moscow, ulica 874;2;2017-08-09;source874;497;486;31
875;2018-06-25;moscow, ulica 875;3;2018-07-13;source875;680;192;474
876;2018-10-14;moscow, ulica 876;5;2018-10-07;source876;753;106;905
877;2018-01-24;moscow, ulica 877;5;2018-02-23;source877;763;897;821
878;2017-08-08;moscow, ulica 878;1;2017-04-03;source878;540;220;365
879;2018-05-19;moscow, ulica 879;3;2017-10-01;source879;789;458;812
880;2017-02-13;moscow, ulica 880;2;2018-10-09;source880;278;50;141
881;2018-01-21;moscow, ulica 881;1;2017-04-04;source881;210;934;543
882;2018-09-18;moscow, ulica 882;2;2018-12-18;source882;673;185;815
883;2018-09-01;moscow, ulica 883;5;2018-06-13;source883;348;50;206
884;2017-09-08;moscow, ulica 884;2;2017-07-04;source884;647;386;715
885;2017-10-13;moscow, ulica 885;1;2017-08-29;source885;312;281;583
886;2018-07-03;moscow, ulica 886;1;2018-12-11;source886;120;175;310
887;2017-10-11;moscow, ulica 887;3;2018-10-05;source887;431;647;542
888;2018-10-02;moscow, ulica 888;1;2018-04-16;source888;414;389;387
889;2017-12-26;moscow, ulica 889;5;2017-03-15;source889;64;885;668
890;2018-03-05;moscow, ulica 890;2;2017-11-07;source890;479;990;744
891;2017-01-17;moscow, ulica 891;5;2017-10-17;source891;7;541;867
892;2017-11-04;moscow, ulica 892;1;2018-09-08;source892;384;80;767
893;2018-11-04;moscow, ulica 893;5;2018-03-03;source893;559;232;713
894;2018-02-11;moscow, ulica 894;3;2018-09-07;source894;736;196;987
895;2018-02-03;moscow, ulica 895;5;2018-06-27;source895;898;758;577
896;2017-01-04;moscow, ulica 896;4;2018-12-17;source896;10;737;725
897;2018-07-03;moscow, ulica 897;1;2018-06-28;source897;301;794;858
898;2018-12-08;moscow, ulica 898;5;2018-02-21;source898;651;771;854
899;2017-09-07;moscow, ulica 899;2;2018-04-28;source899;93;98;306
900;2018-08-04;moscow, ulica 900;5;2017-12-31;source900;121;762;12
901;2018-11-13;moscow, ulica 901;1;2018-12-14;source901;830;713;587
902;2018-10-08;moscow, ulica 902;2;2018-10-08;source902;827;969;63
903;2018-11-09;moscow, ulica 903;2;2017-06-20;source903;666;424;811
904;2018-11-22;moscow, ulica 904;4;2017-01-14;source904;648;575;885
905;2017-09-15;moscow, ulica 905;3;2018-06-24;source905;377;224;745
906;2018-04-26;moscow, ulica 906;5;2018-09-18;source906;685;534;59
907;2017-09-01;moscow, ulica 907;1;2017-10-16;source907;624;241;287
908;2017-12-30;moscow, ulica 908;5;2017-07-14;source908;305;400;610
909;2017-09-17;moscow, ulica 909;4;2018-10-09;source909;511;905;226
910;2017-05-19;moscow, ulica 910;4;2017-10-07;source910;461;861;26
911;2017-02-01;moscow, ulica 911;3;2017-10-04;source911;681;772;202
912;2018-12-19;moscow, ulica 912;2;2018-09-16;source912;706;189;628
913;2018-04-02;moscow, ulica 913;1;2018-12-12;source913;803;794;2
914;2018-11-08;moscow, ulica 914;3;2018-04-10;source914;635;683;855
915;2017-10-05;moscow, ulica 915;4;2017-06-17;source915;450;148;380
916;2017-01-07;moscow, ulica 916;4;2017-05-23;source916;799;209;252
917;2017-11-14;moscow, ulica 917;4;2018-03-06;source917;387;460;119
918;2018-12-22;moscow, ulica 918;1;2017-03-12;source918;71;553;972
919;2018-05-02;moscow, ulica 919;5;2018-12-21;source919;920;738;359
920;2017-11-11;moscow, ulica 920;3;2017-05-02;source920;272;900;1
921;2017-06-30;moscow, ulica 921;5;2018-05-31;source921;789;326;766
922;2017-05-27;moscow, ulica 922;4;2017-08-28;source922;270;850;648
923;2018-02-26;moscow, ulica 923;2;2018-03-15;source923;651;667;859
924;2018-05-03;moscow, ulica 924;3;2017-11-06;source924;199;331;932
925;2017-07-31;moscow, ulica 925;3;2018-06-03;source925;956;728;765
926;2018-06-21;moscow, ulica 926;2;2017-10-24;source926;591;437;875
927;2017-08-20;moscow, ulica 927;4;2018-01-05;source927;806;536;764
928;2017-04-21;moscow, ulica 928;2;2018-02-24;source928;443;80;716
929;2018-01-16;moscow, ulica 929;2;2017-10-24;source929;961;311;945
930;2017-03-14;moscow, ulica 930;1;2018-09-19;source930;412;911;845
931;2018-12-16;moscow, ulica 931;5;2018-08-18;source931;176;377;193
932;2017-11-18;moscow, ulica 932;2;2018-07-21;source932;101;608;444
933;2018-08-01;moscow, ulica 933;2;2017-06-28;source933;844;619;652
934;2017-05-31;moscow, ulica 934;2;2017-12-01;source934;283;671;539
935;2018-08-27;moscow, ulica 935;3;2017-09-19;source935;494;116;45
936;2018-10-30;moscow, ulica 936;5;2018-09-02;source936;211;608;595
937;2017-04-28;moscow, ulica 937;4;2018-04-04;source937;203;587;650
938;2018-03-04;moscow, ulica 938;4;2017-01-01;source938;515;360;457
939;2017-09-02;moscow, ulica 939;1;2018-01-17;source939;895;108;7
940;2017-07-22;moscow, ulica 940;2;2018-11-28;source940;547;712;509
941;2018-06-01;moscow, ulica 941;5;2018-08-25;source941;223;485;536
942;2018-03-21;moscow, ulica 942;5;2018-01-29;source942;201;17;558
943;2018-01-22;moscow, ulica 943;5;2017-01-10;source943;595;769;126
944;2018-12-19;moscow, ulica 944;5;2018-06-08;source944;783;476;912
945;2018-08-28;moscow, ulica 945;4;2017-03-26;source945;439;449;35
946;2017-04-11;moscow, ulica 946;4;2018-02-08;source946;686;1000;567
947;2017-07-25;moscow, ulica 947;3;2017-07-17;source947;377;718;104
948;2017-03-31;moscow, ulica 948;4;2017-06-13;source948;98;349;190
949;2017-07-08;moscow, ulica 949;5;2017-01-22;source949;499;498;695
950;2018-11-05;moscow, ulica 950;3;2018-02-03;source950;803;682;362
951;2017-09-18;moscow, ulica 951;2;2017-05-02;source951;652;306;534
952;2018-02-26;moscow, ulica 952;2;2018-11-28;source952;989;738;904
953;2017-03-02;moscow, ulica 953;4;2017-12-26;source953;321;924;600
954;2017-09-28;moscow, ulica 954;4;2018-04-28;source954;556;767;406
955;2017-03-09;moscow, ulica 955;5;2017-09-16;source955;316;756;306
956;2017-06-09;moscow, ulica 956;2;2018-07-10;source956;229;538;687
957;2018-10-17;moscow, ulica 957;5;2017-06-29;source957;103;133;39
958;2018-04-04;moscow, ulica 958;3;2018-02-13;source958;123;866;352
959;2017-03-03;moscow, ulica 959;3;2018-06-05;source959;206;699;379
960;2018-08-01;moscow, ulica 960;4;2017-11-21;source960;875;96;47
961;2017-09-28;moscow, ulica 961;3;2017-07-10;source961;725;358;891
962;2018-01-14;moscow, ulica 962;5;2017-07-27;source962;606;189;55
963;2018-11-13;moscow, ulica 963;5;2018-07-28;source963;144;327;221
964;2018-08-18;moscow, ulica 964;4;2017-08-06;source964;235;502;639
965;2017-03-10;moscow, ulica 965;1;2017-06-24;source965;844;299;141
966;2018-12-07;moscow, ulica 966;2;2017-03-11;source966;721;662;709
967;2017-09-22;moscow, ulica 967;1;2018-07-07;source967;596;677;375
968;2017-06-01;moscow, ulica 968;1;2018-04-27;source968;250;141;318
969;2018-12-05;moscow, ulica 969;4;2018-08-15;source969;66;869;855
970;2018-12-04;moscow, ulica 970;4;2018-12-07;source970;560;959;751
971;2018-11-03;moscow, ulica 971;2;2017-01-27;source971;183;459;452
972;2017-08-12;moscow, ulica 972;3;2018-03-09;source972;516;757;958
973;2017-03-19;moscow, ulica 973;5;2018-03-12;source973;283;698;63
974;2018-06-04;moscow, ulica 974;5;2017-10-19;source974;934;447;459
975;2018-05-14;moscow, ulica 975;5;2018-11-21;source975;294;197;672
976;2017-06-04;moscow, ulica 976;5;2017-12-24;source976;936;823;867
977;2017-11-13;moscow, ulica 977;3;2018-05-12;source977;303;103;914
978;2017-05-24;moscow, ulica 978;2;2017-10-21;source978;433;147;42
979;2018-04-16;moscow, ulica 979;5;2017-09-21;source979;212;786;792
980;2018-01-11;moscow, ulica 980;5;2017-07-02;source980;584;33;891
981;2018-11-29;moscow, ulica 981;3;2017-05-12;source981;511;827;44
982;2017-09-05;moscow, ulica 982;1;2018-07-26;source982;984;935;210
983;2018-11-15;moscow, ulica 983;3;2018-09-29;source983;277;229;912
984;2018-02-10;moscow, ulica 984;5;2017-05-15;source984;966;586;263
985;2018-09-07;moscow, ulica 985;2;2017-06-29;source985;168;650;680
986;2017-06-09;moscow, ulica 986;4;2018-03-22;source986;162;571;311
987;2017-04-12;moscow, ulica 987;3;2018-02-02;source987;701;505;987
988;2017-09-17;moscow, ulica 988;5;2017-05-01;source988;636;589;28
989;2018-08-24;moscow, ulica 989;5;2018-02-02;source989;727;492;695
990;2018-01-09;moscow, ulica 990;4;2018-02-08;source990;887;238;227
991;2017-02-19;moscow, ulica 991;5;2018-11-14;source991;837;31;338
992;2017-02-22;moscow, ulica 992;4;2018-11-10;source992;102;139;743
993;2018-05-24;moscow, ulica 993;3;2017-01-19;source993;603;625;794
994;2018-11-27;moscow, ulica 994;4;2018-12-27;source994;427;484;559
995;2018-07-31;moscow, ulica 995;4;2018-02-15;source995;328;86;194
996;2018-11-12;moscow, ulica 996;4;2017-09-11;source996;129;903;488
997;2017-08-19;moscow, ulica 997;5;2018-06-17;source997;118;197;627
998;2017-04-11;moscow, ulica 998;3;2017-10-01;source998;501;724;570
999;2017-09-01;moscow, ulica 999;2;2017-07-08;source999;299;81;436
1000;2018-01-29;moscow, ulica 1000;2;2018-08-16;source1000;317;292;843